Company Name,Symbol
AMARA RAJA ENERGY MOB LTD,NSE:ARE&M-EQ
SBIAMC - SFMP6DD,NSE:SFMP6DD-MF
SBIAMC - SFMP6DR,NSE:SFMP6DR-MF
SBIAMC - SFMP6GD,NSE:SFMP6GD-MF
SBIAMC - SFMP6GR,NSE:SFMP6GR-MF
EMAMI PAPER MILLS LIMITED,NSE:EMAMIPAP-EQ
FACT LTD,NSE:FACT-EQ
GODREJ CONSUMER PRODUCTS,NSE:GODREJCP-EQ
SCHAEFFLER INDIA LIMITED,NSE:SCHAEFFLER-EQ
ORICON ENTERPRISES LTD,NSE:ORICONENT-EQ
SBI-ETF NIFTY 50,NSE:SETFNIF50-EQ
BALKRISHNA PAPER MILLS L,NSE:BALKRISHNA-EQ
SHYAM CENTURY FERROUS LTD,NSE:SHYAMCENT-EQ
ADANI ENERGY SOLUTION LTD,NSE:ADANIENSOL-EQ
MANORAMA INDUSTRIES LTD,NSE:MANORAMA-EQ
FEDERAL BANK LTD,NSE:FEDERALBNK-EQ
CONFIDENCE PETRO IND LTD.,NSE:CONFIPET-EQ
SYNGENE INTERNATIONAL LTD,NSE:SYNGENE-EQ
NGL FINE CHEM LIMITED,NSE:NGLFINE-EQ
AYM SYNTEX LIMITED,NSE:AYMSYNTEX-EQ
PRAKASH PIPES LIMITED,NSE:PPL-EQ
AARON INDUSTRIES LIMITED,NSE:AARON-EQ
RAMA STEEL TUBES LIMITED,NSE:RAMASTEEL-EQ
AURUM PROPTECH LIMITED,NSE:AURUM-EQ
RADHIKA JEWELTECH LIMITED,NSE:RADHIKAJWE-EQ
DIGICONTENT LIMITED,NSE:DGCONTENT-EQ
CSL FINANCE LIMITED,NSE:CSLFINANCE-EQ
FINOLEX CABLES LTD,NSE:FINCABLES-EQ
JAIN IRRIGATION SYSTEMS,NSE:JISLJALEQS-EQ
SHARE IND. SECURITIES LTD,NSE:SHAREINDIA-EQ
STEEL CITY SECURITIES LTD,NSE:STEELCITY-EQ
KSHITIJ POLYLINE LIMITED,NSE:KSHITIJPOL-EQ
FINOLEX INDUSTRIES LTD,NSE:FINPIPE-EQ
MUTHOOT CAP SERV LTD,NSE:MUTHOOTCAP-EQ
DYNAMIC CABLES LIMITED,NSE:DYCL-EQ
AXISAMC - AXISBNKETF,NSE:AXISBNKETF-EQ
LUPIN LIMITED,NSE:LUPIN-EQ
UNITED SPIRITS LIMITED,NSE:UNITDSPR-EQ
SATIN CREDIT NET LTD,NSE:SATIN-EQ
ARVIND SMARTSPACES LTD,NSE:ARVSMART-EQ
POWER MECH PROJECTS LTD.,NSE:POWERMECH-EQ
RAM RATNA WIRES LIMITED,NSE:RAMRAT-EQ
MOTILALAMC - MOHEALTH,NSE:MOHEALTH-EQ
UTIAMC - UTINIFTETF,NSE:UTINIFTETF-EQ
KOTAKMAMC - KOTAKCONS,NSE:CONS-EQ
UTIAMC - UTISENSETF,NSE:UTISENSETF-EQ
UFLEX LIMITED,NSE:UFLEX-EQ
SHARDA MOTOR INDS LTD,NSE:SHARDAMOTR-EQ
NAVKAR CORPORATION LTD.,NSE:NAVKARCORP-EQ
RAMA PHOSPHATES LIMITED,NSE:RAMAPHO-EQ
NIP IND ETF NIFTY BEES,NSE:NIFTYBEES-EQ
KRBL LIMITED,NSE:KRBL-EQ
MPS LIMITED,NSE:MPSLTD-EQ
MARKSANS PHARMA LIMITED,NSE:MARKSANS-EQ
TRANSPORT CORPN OF INDIA,NSE:TCI-EQ
ICICIPRAMC - ICICIMOM30,NSE:MOM30IETF-EQ
SHRE PUSH CHEM & FERT LTD,NSE:SHREEPUSHK-EQ
LOYAL TEXTILE MILLS LTD,NSE:LOYALTEX-EQ
GUJARAT GAS LIMITED,NSE:GUJGASLTD-EQ
BHARTI AIRTEL LIMITED,NSE:BHARTIARTL-EQ
HDFCAMC - HDFCNEXT50,NSE:HDFCNEXT50-EQ
HDFCAMC - HDFCNIF100,NSE:HDFCNIF100-EQ
AUTOMOTIVE STAMPINGS & AS,NSE:ASAL-EQ
OLECTRA GREENTECH LIMITED,NSE:OLECTRA-EQ
PONNIE SUGARS (ERODE) LTD,NSE:PONNIERODE-EQ
PUNJAB NATIONAL BANK,NSE:PNB-EQ
KOTAKMAMC - KOTAKMNC,NSE:MNC-EQ
BIRLASLAMC - NIFTYQLITY,NSE:NIFTYQLITY-EQ
BIRLASLAMC - MOMENTUM,NSE:MOMENTUM-EQ
SURANA TELECOM AND POW LT,NSE:SURANAT&P-EQ
ICICIPRAMC - ICICIINFRA,NSE:INFRAIETF-EQ
INDIAMART INTERMESH LTD,NSE:INDIAMART-EQ
FOSECO INDIA LTD,NSE:FOSECOIND-EQ
SPORTKING INDIA LIMITED,NSE:SPORTKING-EQ
ORACLE FIN SERV SOFT LTD.,NSE:OFSS-EQ
UNION BANK OF INDIA,NSE:UNIONBANK-EQ
APTECH LIMITED,NSE:APTECHT-EQ
ZENSAR TECHNOLOGIES  LTD,NSE:ZENSARTECH-EQ
DSPAMC - DSPSILVETF,NSE:SILVERADD-EQ
ORIENTAL AROMATICS LTD,NSE:OAL-EQ
NOIDA TOLL BRIDGE CO LTD,NSE:NOIDATOLL-EQ
NUCLEUS SOFTWARE EXPORTS,NSE:NUCLEUS-EQ
SYRMA SGS TECHNOLOGY LTD,NSE:SYRMA-EQ
CANARA BANK,NSE:CANBK-EQ
MOTILALAMC - MOQUALITY,NSE:MOQUALITY-EQ
MOTILALAMC - MOVALUE,NSE:MOVALUE-EQ
HDFCAMC - HDFC1406DD,NSE:HDFC1406DD-MF
HDFCAMC - HDFC1406DG,NSE:HDFC1406DG-MF
HDFCAMC - HDFC1406DQ,NSE:HDFC1406DQ-MF
HDFCAMC - HDFC1406RD,NSE:HDFC1406RD-MF
HDFCAMC - HDFC1406RG,NSE:HDFC1406RG-MF
HDFCAMC - HDFC1406RQ,NSE:HDFC1406RQ-MF
GABRIEL INDIA LTD,NSE:GABRIEL-EQ
DREAMFOLKS SERVICES LTD,NSE:DREAMFOLKS-EQ
GVP INFOTECH LIMITED,NSE:GVPTECH-EQ
GRM OVERSEAS LIMITED,NSE:GRMOVER-EQ
HDFCAMC - HDFCSILVER,NSE:HDFCSILVER-EQ
SBIAMC - SFMP64DD,NSE:SFMP64DD-MF
SBIAMC - SFMP64DR,NSE:SFMP64DR-MF
SBIAMC - SFMP64GD,NSE:SFMP64GD-MF
SBIAMC - SFMP64GR,NSE:SFMP64GR-MF
DHAMPUR BIO ORGANICS LTD,NSE:DBOL-EQ
GENESYS INTL CORPN LTD,NSE:GENESYS-EQ
GODREJ INDUSTRIES LTD,NSE:GODREJIND-EQ
RADAAN MEDIAWORKS (I) LTD,NSE:RADAAN-EQ
NIP IND ETF JUNIOR BEES,NSE:JUNIORBEES-EQ
DIVI S LABORATORIES LTD,NSE:DIVISLAB-EQ
TAMILNAD MERCA BANK LTD,NSE:TMB-EQ
THE STATE TRADING CORPN,NSE:STCINDIA-EQ
RADICO KHAITAN LTD,NSE:RADICO-EQ
INDO RAMA SYNTHETICS LTD,NSE:INDORAMA-EQ
MARUTI SUZUKI INDIA LTD.,NSE:MARUTI-EQ
GARWARE TECH FIBRES LTD,NSE:GARFIBRES-EQ
NIP IND ETF LIQUID BEES,NSE:LIQUIDBEES-EQ
INFOBEANS TECHNO. LTD.,NSE:INFOBEAN-EQ
SANGINITA CHEMICALS LTD,NSE:SANGINITA-EQ
ICICIPRAMC - IPRU5008,NSE:BANKIETF-EQ
DCM NOUVELLE LIMITED,NSE:DCMNVL-EQ
SATIA INDUSTRIES LIMITED,NSE:SATIA-EQ
SIRCA PAINT INDIA LIMITED,NSE:SIRCA-EQ
SECUREKLOUD TECH LIMITED,NSE:SECURKLOUD-EQ
KSOLVES INDIA LIMITED,NSE:KSOLVES-EQ
NATH BIO-GENES (I) LTD,NSE:NATHBIOGEN-EQ
AGRI-TECH (INDIA) LIMITED,NSE:AGRITECH-EQ
LIBAS CONSU PRODUCTS LTD,NSE:LIBAS-EQ
DANGEE DUMS LIMITED,NSE:DANGEE-EQ
SUMIT WOODS LIMITED,NSE:SUMIT-EQ
SHRENIK LIMITED,NSE:SHRENIK-EQ
CREATIVE NEWTECH LIMITED,NSE:CREATIVE-EQ
HARSHA ENGINEERS INT LTD,NSE:HARSHA-EQ
IDFC FIRST BANK LIMITED,NSE:IDFCFIRSTB-EQ
AXISAMC - AXISILVER,NSE:AXISILVER-EQ
INTERGLOBE AVIATION LTD,NSE:INDIGO-EQ
S H KELKAR AND CO. LTD.,NSE:SHK-EQ
VARDHAMAN ACRYLICS LTD,NSE:VARDHACRLC-EQ
UCO BANK,NSE:UCOBANK-EQ
B.A.G FILMS AND MEDIA LTD,NSE:BAGFILMS-EQ
SUVEN LIFE SCIENCES LTD,NSE:SUVEN-EQ
JINDAL STAINLESS LIMITED,NSE:JSL-EQ
NALWA SONS INVESTMENT LTD,NSE:NSIL-EQ
HDFCAMC - HDFCGROWTH,NSE:HDFCGROWTH-EQ
WELSPUN LIVING LIMITED,NSE:WELSPUNLIV-EQ
HDFCAMC - HDFCQUAL,NSE:HDFCQUAL-EQ
JAI BALAJI INDUSTRIES LTD,NSE:JAIBALAJI-EQ
HDFCAMC - HDFCVALUE,NSE:HDFCVALUE-EQ
INDRAPRASTHA GAS LTD,NSE:IGL-EQ
TVS ELECTRONICS LTD,NSE:TVSELECT-EQ
GHCL LIMITED,NSE:GHCL-EQ
DREDGING CORP OF INDIA,NSE:DREDGECORP-EQ
TV TODAY NETWORK LTD,NSE:TVTODAY-EQ
UPL LIMITED,NSE:UPL-EQ
G-TEC JAINX EDUCATION LTD,NSE:GTECJAINX-EQ
UNIPHOS ENTERPRISES LTD,NSE:UNIENTER-EQ
STANDARD INDUSTRIES LTD.,NSE:SIL-EQ
LUX INDUSTRIES LIMITED,NSE:LUXIND-EQ
BALAXI PHARMA LTD,NSE:BALAXI-EQ
LICNAMC - LICNFENGP,NSE:LICNETFN50-EQ
MUKAND LTD.,NSE:MUKANDLTD-EQ
APOLLO MICRO SYSTEMS LTD,NSE:APOLLO-EQ
AFFLE 3I LIMITED,NSE:AFFLE-EQ
PETRONET LNG LIMITED,NSE:PETRONET-EQ
PTC INDIA LIMITED,NSE:PTC-EQ
DHANLAXMI BANK LIMITED,NSE:DHANBANK-EQ
VAIBHAV GLOBAL LIMITED,NSE:VAIBHAVGBL-EQ
TTK HEALTHCARE LIMITED,NSE:TTKHLTCARE-EQ
BIOCON LIMITED.,NSE:BIOCON-EQ
TIPS FILMS LIMITED,NSE:TIPSFILMS-EQ
BANK OF MAHARASHTRA,NSE:MAHABANK-EQ
ICICIPRAMC - ICICIBANKP,NSE:PVTBANIETF-EQ
GIC HOUSING FINANCE LTD,NSE:GICHSGFIN-EQ
ZOTA HEALTH CARE LIMITED,NSE:ZOTA-EQ
SALZER ELECTRONICS LTD,NSE:SALZERELEC-EQ
POONAWALLA FINCORP LTD,NSE:POONAWALLA-EQ
XPRO INDIA LIMITED,NSE:XPROINDIA-EQ
RAMKRISHNA FORGINGS LTD,NSE:RKFORGE-EQ
DATAMATICS GLOBAL SER LTD,NSE:DATAMATICS-EQ
NDTV LTD,NSE:NDTV-EQ
KRITI NUTRIENTS LIMITED,NSE:KRITINUT-EQ
SPANDANA SPHOORTY FIN LTD,NSE:SPANDANA-EQ
NIP IND ETF BANK BEES,NSE:BANKBEES-EQ
LICNAMC - LICNFESGP,NSE:LICNETFSEN-EQ
PILANI INV & IND COR LTD,NSE:PILANIINVS-EQ
GUJ IND POW CO. LTD,NSE:GIPCL-EQ
CCL PRODUCTS (I) LTD,NSE:CCL-EQ
KOTAKMAMC - KTKNV20ETF,NSE:NV20-EQ
EXCEL INDUSTRIES LTD,NSE:EXCELINDUS-EQ
KRIDHAN INFRA LIMITED,NSE:KRIDHANINF-EQ
LARSEN & TOUBRO LTD.,NSE:LT-EQ
APAR INDUSTRIES LTD.,NSE:APARINDS-EQ
AMBICA AGAR & AROMAINDLTD,NSE:AMBICAAGAR-EQ
NIIT LIMITED,NSE:NIITLTD-EQ
GLAXOSMITHKLINE PHARMA LT,NSE:GLAXO-EQ
ELECTRONICS MART IND LTD,NSE:EMIL-EQ
ULTRATECH CEMENT LIMITED,NSE:ULTRACEMCO-EQ
TATA CONSULTANCY SERV LT,NSE:TCS-EQ
HDFCAMC - HDFCMOMENT,NSE:HDFCMOMENT-EQ
COFORGE LIMITED,NSE:COFORGE-EQ
HDFCAMC - HDFCLOWVOL,NSE:HDFCLOWVOL-EQ
TEXMACO INFRA & HOLDG LTD,NSE:TEXINFRA-EQ
HDFCAMC - HDFC1359DD,NSE:HDFC1359DD-MF
GUJARAT LEASE FINANCING L,NSE:GLFL-EQ
HDFCAMC - HDFC1359DG,NSE:HDFC1359DG-MF
HDFCAMC - HDFC1359DQ,NSE:HDFC1359DQ-MF
HDFCAMC - HDFC1359RD,NSE:HDFC1359RD-MF
HDFCAMC - HDFC1359RG,NSE:HDFC1359RG-MF
HDFCAMC - HDFC1359RQ,NSE:HDFC1359RQ-MF
DC INFOTECH AND COMUN LTD,NSE:DCI-EQ
PIRAMAL PHARMA LIMITED,NSE:PPLPHARMA-EQ
FORCE MOTORS LIMITED,NSE:FORCEMOT-EQ
WESTLIFE FOODWORLD LTD,NSE:WESTLIFE-EQ
GP PETROLEUMS LIMITED,NSE:GULFPETRO-EQ
TRACXN TECHNOLOGIES LTD,NSE:TRACXN-EQ
HDFCAMC - HDFCNIFTY,NSE:HDFCNIFTY-EQ
HDFCAMC - HDFCSENSEX,NSE:HDFCSENSEX-EQ
LINCOLN PHARMA LTD,NSE:LINCOLN-EQ
GUFIC BIOSCIENCES LTD.,NSE:GUFICBIO-EQ
ASTRA MICROWAVE LTD,NSE:ASTRAMICRO-EQ
GTL LTD,NSE:GTL-EQ
WELSPUN ENTERPRISES LTD.,NSE:WELENT-EQ
NTPC LTD,NSE:NTPC-EQ
NEWGEN SOFTWARE TECH LTD,NSE:NEWGEN-EQ
BOHRA INDUSTRIES LIMITED,NSE:BOHRAIND-EQ
KOTHARI SUG & CHEM LTD.,NSE:KOTARISUG-EQ
DR. LAL PATH LABS LTD.,NSE:LALPATHLAB-EQ
JBM AUTO LIMITED,NSE:JBMA-EQ
DWARIKESH SUGAR IND LTD,NSE:DWARKESH-EQ
INDOCO REMEDIES LTD.,NSE:INDOCO-EQ
G M BREWERIES LTD,NSE:GMBREW-EQ
SUPRAJIT ENGINEERING LTD,NSE:SUPRAJIT-EQ
PATEL ENGINEERING LTD.,NSE:PATELENG-EQ
ALKEM LABORATORIES LTD.,NSE:ALKEM-EQ
XCHANGING SOLUTIONS LTD,NSE:XCHANGING-EQ
JSW STEEL LIMITED,NSE:JSWSTEEL-EQ
CONSO. FIN. & HOLD. LTD.,NSE:CONSOFINVT-EQ
GUJ NAR VAL FER & CHEM L,NSE:GNFC-EQ
JINDAL PHOTO LIMITED,NSE:JINDALPHOT-EQ
JAIPRAKASH POWER VEN. LTD,NSE:JPPOWER-EQ
GOKALDAS EXPORTS LTD.,NSE:GOKEX-EQ
ACE INTEGRATED SOLU. LTD.,NSE:ACEINTEG-EQ
EVEREADY INDS. IND.  LTD.,NSE:EVEREADY-EQ
GOYAL ALUMINIUMS LIMITED,NSE:GOYALALUM-EQ
SAKSOFT LIMITED,NSE:SAKSOFT-EQ
HINDPRAKASH INDUSTRY LTD,NSE:HPIL-EQ
ALLDIGI TECH LIMITED,NSE:ALLDIGI-EQ
SUKHJIT STARCH & CHEM LTD,NSE:SUKHJITS-EQ
IIFL FINANCE LIMITED,NSE:IIFL-EQ
GODFREY PHILLIPS INDIA LT,NSE:GODFRYPHLP-EQ
SHOPPERS STOP LIMITED,NSE:SHOPERSTOP-EQ
MANGALAM DRUG & CHEM LTD,NSE:MANGALAM-EQ
WELSPUN CORP LIMITED,NSE:WELCORP-EQ
STEEL STRIPS WHEELS LTD.,NSE:SSWL-EQ
NARAYANA HRUDAYALAYA LTD.,NSE:NH-EQ
AMBER ENTERPRISES (I) LTD,NSE:AMBER-EQ
SURYALAKSHMI COT MIL LTD,NSE:SURYALAXMI-EQ
SHAH ALLOYS LIMITED,NSE:SHAHALLOYS-EQ
GLAND PHARMA LIMITED,NSE:GLAND-EQ
JK PAPER LIMITED,NSE:JKPAPER-EQ
PRIME SECURITIES LIMITED,NSE:PRIMESECU-EQ
63 MOONS TECHNOLOGIES LTD,NSE:63MOONS-EQ
GRANULES INDIA LIMITED,NSE:GRANULES-EQ
JSW HOLDINGS LIMITED,NSE:JSWHL-EQ
MAN INDUSTRIES (I) LTD.,NSE:MANINDS-EQ
VARDHMAN HOLDINGS LIMITED,NSE:VHL-EQ
DCX SYSTEMS LIMITED,NSE:DCXINDIA-EQ
GEOJIT FINANCIAL SER L,NSE:GEOJITFSL-EQ
FEDERAL-MOGUL GOETZE (IND,NSE:FMGOETZE-EQ
GENUS POWER INFRASTRU LTD,NSE:GENUSPOWER-EQ
SWELECT ENERGY SYS LTD,NSE:SWELECTES-EQ
YES BANK LIMITED,NSE:YESBANK-EQ
MSP STEEL & POWER LTD.,NSE:MSPL-EQ
FUSION FINANCE LIMITED,NSE:FUSION-EQ
SPL INDUSTRIES LIMITED,NSE:SPLIL-EQ
GLOBAL HEALTH LIMITED,NSE:MEDANTA-EQ
KANSAI NEROLAC PAINTS LTD,NSE:KANSAINER-EQ
SEMAC CONSTRUCTION LTD,NSE:SEMAC-EQ
BIKAJI FOODS INTERN LTD,NSE:BIKAJI-EQ
GOLDIAM INTERNATIONAL LTD,NSE:GOLDIAM-EQ
RANE (MADRAS) LIMITED,NSE:RML-EQ
SASKEN TECHNOLOGIES LTD,NSE:SASKEN-EQ
INDO COUNT INDUSTRIES LTD,NSE:ICIL-EQ
SYNCOM FORMU (I) LTD,NSE:SYNCOMF-EQ
FCS SOFTWARE SOLN. LTD.,NSE:FCSSOFT-EQ
MIRAEAMC - MAESGETF,NSE:ESG-EQ
FAZE THREE LIMITED,NSE:FAZE3Q-EQ
IND MOTOR PART & ACC LTD,NSE:IMPAL-EQ
AEROFLEX ENTERPRISES LTD,NSE:AEROENTER-EQ
SUZLON ENERGY LIMITED,NSE:SUZLON-EQ
AURIONPRO SOLN LTD,NSE:AURIONPRO-EQ
ARCHEAN CHEMICAL IND LTD,NSE:ACI-EQ
SHREE RENUKA SUGARS LTD,NSE:RENUKA-EQ
FIVE-STAR BUS FIN LTD,NSE:FIVESTAR-EQ
BANNARI AM SPIN MILL LTD.,NSE:BASML-EQ
UTIAMC - UTIDAP35P1,NSE:UTIDAP35P1-MF
UTIAMC - UTIDGR35P1,NSE:UTIDGR35P1-MF
UTIAMC - UTIDMP35P1,NSE:UTIDMP35P1-MF
UTIAMC - UTIDQP35P1,NSE:UTIDQP35P1-MF
UTIAMC - UTIRAP35P1,NSE:UTIRAP35P1-MF
UTIAMC - UTIRFP35P1,NSE:UTIRFP35P1-MF
UTIAMC - UTIRGR35P1,NSE:UTIRGR35P1-MF
UTIAMC - UTIRMP35P1,NSE:UTIRMP35P1-MF
UTIAMC - UTIRQP35P1,NSE:UTIRQP35P1-MF
SHEETAL COOL PRODUCTS LTD,NSE:SCPL-EQ
KAYNES TECHNOLOGY IND LTD,NSE:KAYNES-EQ
HDFCAMC - HDFCNIFIT,NSE:HDFCNIFIT-EQ
HDFCAMC - HDFCPVTBAN,NSE:HDFCPVTBAN-EQ
DOLAT ALGOTECH LIMITED,NSE:DOLATALGO-EQ
DELTA MANUFACTURING LTD,NSE:DELTAMAGNT-EQ
B&B TRIPLEWALL CONT LTD,NSE:BBTCL-EQ
HINDUSTAN FOODS LIMITED,NSE:HNDFDS-EQ
INOX GREEN ENERGY SER LTD,NSE:INOXGREEN-EQ
KEYSTONE REALTORS LIMITED,NSE:RUSTOMJEE-EQ
GRASIM INDUSTRIES LTD,NSE:GRASIM-EQ
GREAVES COTTON LTD.,NSE:GREAVESCOT-EQ
ZIM LABORATORIES LIMITED,NSE:ZIMLAB-EQ
GUJ STATE FERT & CHEM LTD,NSE:GSFC-EQ
STRLNG & WIL REN ENE LTD,NSE:SWSOLAR-EQ
VINNY OVERSEAS LIMITED,NSE:VINNY-EQ
CASTROL INDIA LIMITED,NSE:CASTROLIND-EQ
SBIAMC - SFMP72DD,NSE:SFMP72DD-MF
SBIAMC - SFMP72DR,NSE:SFMP72DR-MF
SBIAMC - SFMP72GD,NSE:SFMP72GD-MF
SBIAMC - SFMP72GR,NSE:SFMP72GR-MF
ICICIPRAMC-ICICIFIN,NSE:FINIETF-EQ
PRECISION CAMSHAFTS LTD.,NSE:PRECAM-EQ
GUJARAT ALKALIES & CHEM,NSE:GUJALKALI-EQ
MADHYA BHARAT AGRO P. LTD,NSE:MBAPL-EQ
AMBUJA CEMENTS LTD,NSE:AMBUJACEM-EQ
TEAMLEASE SERVICES LTD.,NSE:TEAMLEASE-EQ
DJ MEDIAPRINT & LOG LTD,NSE:DJML-EQ
ROUTE MOBILE LIMITED,NSE:ROUTE-EQ
HYBRID FINANCIAL SERVICE,NSE:HYBRIDFIN-EQ
KRISHANA PHOSCHEM LIMITED,NSE:KRISHANA-EQ
GFL LIMITED,NSE:GFLLIMITED-EQ
SARVESHWAR FOODS LIMITED,NSE:SARVESHWAR-EQ
TATAAML - NPBET,NSE:NPBET-EQ
ABB INDIA LIMITED,NSE:ABB-EQ
DHARMAJ CROP GUARD LTD,NSE:DHARMAJ-EQ
SAFARI IND (INDIA) LTD,NSE:SAFARI-EQ
UNIPARTS INDIA LIMITED,NSE:UNIPARTS-EQ
360 ONE WAM LIMITED,NSE:360ONE-EQ
IIFL CAPITAL SERVICES LTD,NSE:IIFLCAPS-EQ
TRIVENI ENGG. & INDS. LTD,NSE:TRIVENI-EQ
KOTAKMAMC - KOTAKSILVE,NSE:SILVER1-EQ
AIA ENGINEERING LIMITED,NSE:AIAENG-EQ
EVEREST KANTO CYLINDERLTD,NSE:EKC-EQ
VIMTA LABS LIMITED,NSE:VIMTALABS-EQ
SBIAMC - SFMP73DD,NSE:SFMP73DD-MF
SBIAMC - SFMP73DR,NSE:SFMP73DR-MF
NAHAR INDS ENT LTD,NSE:NAHARINDUS-EQ
SBIAMC - SFMP73GD,NSE:SFMP73GD-MF
SBIAMC - SFMP73GR,NSE:SFMP73GR-MF
ORIENT CERATECH LIMITED,NSE:ORIENTCER-EQ
QUICK HEAL TECH LTD,NSE:QUICKHEAL-EQ
KERNEX MICROSYS(I) LTD,NSE:KERNEX-EQ
REPRO INDIA LIMITED,NSE:REPRO-EQ
HARRISON MALAYALAM LTD,NSE:HARRMALAYA-EQ
EDELAMC - EBBETF0433,NSE:EBBETF0433-EQ
ICICIPRAMC - ICICI10GS,NSE:GSEC10IETF-EQ
PVR INOX LIMITED,NSE:PVRINOX-EQ
GALAXY SURFACTANTS LTD,NSE:GALAXYSURF-EQ
UTIAMC - UTIDAP35P2,NSE:UTIDAP35P2-MF
UTIAMC - UTIDFP35P2,NSE:UTIDFP35P2-MF
UTIAMC - UTIDGR35P2,NSE:UTIDGR35P2-MF
UTIAMC - UTIDMP35P2,NSE:UTIDMP35P2-MF
UTIAMC - UTIDQP35P2,NSE:UTIDQP35P2-MF
UTIAMC - UTIRAP35P2,NSE:UTIRAP35P2-MF
UTIAMC - UTIRFP35P2,NSE:UTIRFP35P2-MF
UTIAMC - UTIRGR35P2,NSE:UTIRGR35P2-MF
CELEBRITY FASHIONS LTD,NSE:CELEBRITY-EQ
UTIAMC - UTIRMP35P2,NSE:UTIRMP35P2-MF
UTIAMC - UTIRQP35P2,NSE:UTIRQP35P2-MF
NITIN SPINNERS LIMITED,NSE:NITINSPIN-EQ
ROYAL ORCHID HOTELS LTD,NSE:ROHLTD-EQ
ENTERTAIN NET. IND. LTD.,NSE:ENIL-EQ
GUJARAT STATE PETRO LTD,NSE:GSPL-EQ
ICICIPRAMC - ICICICOMMO,NSE:COMMOIETF-EQ
JAGRAN PRAKASHAN LIMITED,NSE:JAGRAN-EQ
SULA VINEYARDS LIMITED,NSE:SULA-EQ
BIRLASLAMC - ABSLFTUBDG,NSE:ABSLFTUBDG-MF
BIRLASLAMC - ABSLFTUBRG,NSE:ABSLFTUBRG-MF
BIRLASLAMC - ABSLFTUBRN,NSE:ABSLFTUBRN-MF
SADBHAV ENGINEERING LTD,NSE:SADBHAV-EQ
SAKUMA EXPORTS LIMITED,NSE:SAKUMA-EQ
KEC INTL. LIMITED,NSE:KEC-EQ
HCL INFOSYSTEMS LTD,NSE:HCL-INSYS-EQ
JK CEMENT LIMITED,NSE:JKCEMENT-EQ
INDO TECH TRANSFORM LTD.,NSE:INDOTECH-EQ
LANDMARK CARS LIMITED,NSE:LANDMARK-EQ
MARINE ELECTRICAL (I) LTD,NSE:MARINE-EQ
M&M FIN. SERVICES LTD,NSE:M&MFIN-EQ
ABANS FINANCIAL SRVCS LTD,NSE:AFSL-EQ
B.L.KASHYAP & SON LTD,NSE:BLKASHYAP-EQ
NITCO LIMITED,NSE:NITCO-EQ
CENTURY PLYBOARDS (I) LTD,NSE:CENTURYPLY-EQ
KEI INDUSTRIES LTD.,NSE:KEI-EQ
HDFC BANK LTD,NSE:HDFCBANK-EQ
SOLAR INDUSTRIES (I) LTD,NSE:SOLARINDS-EQ
GALLANTT ISPAT LIMITED,NSE:GALLANTT-EQ
VAKRANGEE LIMITED,NSE:VAKRANGEE-EQ
MALU PAPER MILLS LIMITED,NSE:MALUPAPER-EQ
KFIN TECHNOLOGIES LIMITED,NSE:KFINTECH-EQ
HEG LTD,NSE:HEG-EQ
STL GLOBAL LIMITED,NSE:SGL-EQ
UTTAM SUGAR MILLS LTD.,NSE:UTTAMSUGAR-EQ
SOM DIST & BREW LTD,NSE:SDBL-EQ
KEWAL KIRAN CLOTHING LTD,NSE:KKCL-EQ
BHAGERIA INDUSTRIES LTD,NSE:BHAGERIA-EQ
SUN TV NETWORK LIMITED,NSE:SUNTV-EQ
GODAWARI POW & ISP LTD,NSE:GPIL-EQ
R SYS INTERNATIONAL LTD,NSE:RSYSTEMS-EQ
ELIN ELECTRONICS LIMITED,NSE:ELIN-EQ
KELLTON TECH SOL LTD,NSE:KELLTONTEC-EQ
LOKESH MACHINES LTD,NSE:LOKESHMACH-EQ
BAL PHARMA LTD.,NSE:BALPHARMA-EQ
RATNAMANI MET & TUB LTD.,NSE:RATNAMANI-EQ
KAMDHENU LIMITED,NSE:KAMDHENU-EQ
PIONEER EMBROIDERIES LTD,NSE:PIONEEREMB-EQ
HERO MOTOCORP LIMITED,NSE:HEROMOTOCO-EQ
JK LAKSHMI CEMENT LTD,NSE:JKLAKSHMI-EQ
PRIME FOCUS LIMITED,NSE:PFOCUS-EQ
ALLCARGO LOGISTICS LTD,NSE:ALLCARGO-EQ
AKASH INFRA-PROJECTS LTD,NSE:AKASH-EQ
MUNJAL AUTO IND. LTD.,NSE:MUNJALAU-EQ
EMAMI LIMITED,NSE:EMAMILTD-EQ
NORTH EAST CARRY CORP LTD,NSE:NECCLTD-EQ
GMR AIRPORTS LIMITED,NSE:GMRAIRPORT-EQ
VIDHI SPCLTY F INGRDNTS L,NSE:VIDHIING-EQ
TECH MAHINDRA LIMITED,NSE:TECHM-EQ
HDFCAMC - HDFC1204DD,NSE:HDFC1204DD-MF
HDFCAMC - HDFC1204DG,NSE:HDFC1204DG-MF
HDFCAMC - HDFC1204DQ,NSE:HDFC1204DQ-MF
HDFCAMC - HDFC1204RD,NSE:HDFC1204RD-MF
HDFCAMC - HDFC1204RG,NSE:HDFC1204RG-MF
HDFCAMC - HDFC1204RQ,NSE:HDFC1204RQ-MF
AVONMORE CAP&MGT SERV LTD,NSE:AVONMORE-EQ
GRINDWELL NORTON LIMITED,NSE:GRINDWELL-EQ
SHREE RAMA NEWSPRINT LTD,NSE:RAMANEWS-EQ
VOLTAMP TRANSFORMERS LTD,NSE:VOLTAMP-EQ
RADIANT CASH MGMT SER LTD,NSE:RADIANTCMS-EQ
ACTION CONST EQUIP LTD,NSE:ACE-EQ
ANTELOPUS SELAN ENRGY LTD,NSE:ANTELOPUS-EQ
ANDHRA SUGARS LTD,NSE:ANDHRSUGAR-EQ
HIMATSINGKA SEIDE LTD,NSE:HIMATSEIDE-EQ
INDIAN RAIL TOUR CORP LTD,NSE:IRCTC-EQ
ANANT RAJ LIMITED,NSE:ANANTRAJ-EQ
BIL VYAPAR LIMITED,NSE:BILVYAPAR-EQ
HINDALCO  INDUSTRIES  LTD,NSE:HINDALCO-EQ
SKY GOLD AND DIAMONDS LTD,NSE:SKYGOLD-EQ
JM FINANCIAL LIMITED,NSE:JMFINANCIL-EQ
ELECON ENG. CO. LTD,NSE:ELECON-EQ
DSPAMC - DSPBANKETF,NSE:BANKETFADD-EQ
TALBROS AUTO. COMP. LTD,NSE:TALBROAUTO-EQ
ALICON CASTALLOY LIMITED,NSE:ALICON-EQ
GEECEE VENTURES LIMITED,NSE:GEECEE-EQ
SBIAMC - SFMP74DD,NSE:SFMP74DD-MF
SBIAMC - SFMP74DR,NSE:SFMP74DR-MF
MADHUCON PROJECTS LTD.,NSE:MADHUCON-EQ
SBIAMC - SFMP74GD,NSE:SFMP74GD-MF
SBIAMC - SFMP74GR,NSE:SFMP74GR-MF
NUPUR RECYCLERS LIMITED,NSE:NRL-EQ
ALLCARGO GATI LIMITED,NSE:ACLGATI-EQ
AEROFLEX NEU LIMITED,NSE:AERONEU-EQ
VISHWARAJ SUGAR IND LTD,NSE:VISHWARAJ-EQ
FIEM INDUSTRIES LIMITED,NSE:FIEMIND-EQ
HINDUSTAN COMPOSITES LTD.,NSE:HINDCOMPOS-EQ
JHS SVEND. LAB. LTD,NSE:JHS-EQ
DCB BANK LIMITED,NSE:DCBBANK-EQ
INSPIRISYS SOLUTIONS LTD,NSE:INSPIRISYS-EQ
GLOBAL VEC HELICORP LTD,NSE:GLOBALVECT-EQ
SHYAM TELECOM LIMITED,NSE:SHYAMTEL-EQ
GTL INFRA.LTD,NSE:GTLINFRA-EQ
HINDUSTAN CONSTRUCTION CO,NSE:HCC-EQ
GUJARAT FLUOROCHEM LTD,NSE:FLUOROCHEM-EQ
INFO EDGE (I) LTD,NSE:NAUKRI-EQ
MANOMAY TEX INDIA LTD,NSE:MANOMAY-EQ
SHIVAM AUTO.LTD,NSE:SHIVAMAUTO-EQ
BHARAT BIJLEE LTD,NSE:BBL-EQ
THE GE SHPG.LTD,NSE:GESHIP-EQ
TORRENT POWER LTD,NSE:TORNTPOWER-EQ
PARSVNATH DEVELOPER LTD,NSE:PARSVNATH-EQ
BAID FINSERV LIMITED,NSE:BAIDFIN-EQ
MANALI PETROCHEMICALS LT,NSE:MANALIPETC-EQ
SUTLEJ TEXT & INDUS LTD,NSE:SUTLEJTEX-EQ
GREENPANEL INDUSTRIES LTD,NSE:GREENPANEL-EQ
KAMDHENU VENTURES LIMITED,NSE:KAMOPAINTS-EQ
LT FOODS LIMITED,NSE:LTFOODS-EQ
RUCHIRA PAPERS LIMITED,NSE:RUCHIRA-EQ
SOBHA LIMITED,NSE:SOBHA-EQ
DONEAR IND. LIMITED,NSE:DONEAR-EQ
MM FORGINGS LTD,NSE:MMFL-EQ
VENUS REMEDIES LIMITED,NSE:VENUSREM-EQ
AARTI PHARMALABS LIMITED,NSE:AARTIPHARM-EQ
KUANTUM PAPERS LIMITED,NSE:KUANTUM-EQ
JINDAL DRILLING IND. LTD,NSE:JINDRILL-EQ
BANCO PRODUCTS (I) LTD,NSE:BANCOINDIA-EQ
HIND RECTIFIER LIMITED,NSE:HIRECT-EQ
CREST VENTURES LIMITED,NSE:CREST-EQ
PLASTIBLENDS INDIA LTD,NSE:PLASTIBLEN-EQ
NATIONAL FERT. LTD,NSE:NFL-EQ
UTIAMC - UTIDAP35P3,NSE:UTIDAP35P3-MF
UTIAMC - UTIDGR35P3,NSE:UTIDGR35P3-MF
HINDUSTAN UNILEVER LTD.,NSE:HINDUNILVR-EQ
UTIAMC - UTIDMP35P3,NSE:UTIDMP35P3-MF
UTIAMC - UTIDQP35P3,NSE:UTIDQP35P3-MF
UTIAMC - UTIRAP35P3,NSE:UTIRAP35P3-MF
UTIAMC - UTIRFP35P3,NSE:UTIRFP35P3-MF
UTIAMC - UTIRGR35P3,NSE:UTIRGR35P3-MF
UTIAMC - UTIRQP35P3,NSE:UTIRQP35P3-MF
KOTAKMAMC - KOTAKLIQ,NSE:LIQUID1-EQ
PARAMOUNT COMM LTD,NSE:PARACABLES-EQ
HBL ENGINEERING LTD,NSE:HBLENGINE-EQ
TANLA PLATFORMS LIMITED,NSE:TANLA-EQ
JASH ENGINEERING LIMITED,NSE:JASH-EQ
BIRLASLAMC - ABSLBANETF,NSE:ABSLBANETF-EQ
ZEE MEDIA CORPORATION LTD,NSE:ZEEMEDIA-EQ
AVT NATURAL PRODUCTS LTD,NSE:AVTNPL-EQ
LUMAX AUTO TECH LTD,NSE:LUMAXTECH-EQ
VEEDOL CORPORATION LTD,NSE:VEEDOL-EQ
HINDUSTAN OIL EXPLORATION,NSE:HINDOILEXP-EQ
SARLA PERF. FIBERS LTD,NSE:SARLAPOLY-EQ
SANGHVI MOVERS LTD,NSE:SANGHVIMOV-EQ
HINDUSTAN PETROLEUM CORP,NSE:HINDPETRO-EQ
WANBURY LIMITED,NSE:WANBURY-EQ
SAGAR CEMENTS LIMITED,NSE:SAGCEM-EQ
I G PETROCHEMICALS LTD,NSE:IGPL-EQ
SIYARAM SILK MILLS LTD,NSE:SIYSIL-EQ
PTL ENTERPRISES LTD,NSE:PTL-EQ
AUTOLINE INDUSTRIES LTD,NSE:AUTOIND-EQ
NETWORK18 MEDIA & INV LTD,NSE:NETWORK18-EQ
GANDHI SPL. TUBES LTD,NSE:GANDHITUBE-EQ
AGI GREENPAC LIMITED,NSE:AGI-EQ
PITTI ENGINEERING LIMITED,NSE:PITTIENG-EQ
SURATWWALA BUS GROUP LTD,NSE:SBGLP-EQ
GLOBAL EDUCATION LIMITED,NSE:GLOBAL-EQ
BODHI TREE MULTIMEDIA LTD,NSE:BTML-EQ
UNO MINDA LIMITED,NSE:UNOMINDA-EQ
NMDC STEEL LIMITED,NSE:NSLNISP-EQ
NINTEC SYSTEMS LIMITED,NSE:NINSYS-EQ
TIMKEN INDIA LTD.,NSE:TIMKEN-EQ
HUBTOWN LIMITED,NSE:HUBTOWN-EQ
CAMBRIDGE TECH ENTER LTD,NSE:CTE-EQ
TECHNOCRAFT IND LTD,NSE:TIIL-EQ
HDFCAMC - HDFCBSE500,NSE:HDFCBSE500-EQ
HDFCAMC - HDFCSML250,NSE:HDFCSML250-EQ
HDFCAMC - HDFCMID150,NSE:HDFCMID150-EQ
HINDUSTAN ZINC LIMITED,NSE:HINDZINC-EQ
TVS SRICHAKRA LIMITED,NSE:TVSSRICHAK-EQ
REDINGTON LIMITED,NSE:REDINGTON-EQ
PEARL GLOBAL IND LIMITED,NSE:PGIL-EQ
ORIENT BELL LIMITED,NSE:ORIENTBELL-EQ
MIRAEAMC - MAGOLDETF,NSE:GOLDETF-EQ
SEQUENT SCIENTIFIC LTD.,NSE:SEQUENT-EQ
POWER FIN CORP LTD.,NSE:PFC-EQ
FIRSTSOURCE SOLU. LTD.,NSE:FSL-EQ
INDIAN BANK,NSE:INDIANB-EQ
T T LIMITED,NSE:TTL-EQ
TRANSWARRANTY FIN. LTD.,NSE:TFL-EQ
HDFCAMC - HDFC2638RG,NSE:HDFC2638RG-MF
SMS PHARMACEUTICALS LTD.,NSE:SMSPHARMA-EQ
HDFCAMC - HDFC2638RD,NSE:HDFC2638RD-MF
HDFCAMC - HDFC2638RQ,NSE:HDFC2638RQ-MF
HIMADRI SPECIALITY CHEM L,NSE:HSCL-EQ
HDFCAMC - HDFC2638DG,NSE:HDFC2638DG-MF
HDFCAMC - HDFC2638DQ,NSE:HDFC2638DQ-MF
GANESH HOUSING LIMITED,NSE:GANESHHOU-EQ
ORIENTAL TRIMEX LTD,NSE:ORIENTALTL-EQ
APOLLO PIPES LIMITED,NSE:APOLLOPIPE-EQ
VODAFONE IDEA LIMITED,NSE:IDEA-EQ
PONDY OXIDES & CHEM LTD,NSE:POCL-EQ
UTIAMC UTIDGR36P1,NSE:UTIDGR36P1-MF
UTIAMC - UTIDPP36P1,NSE:UTIDPP36P1-MF
AMD INDUSTRIES LIMITED,NSE:AMDIND-EQ
UTIAMC UTIRGR36P1,NSE:UTIRGR36P1-MF
GODREJ AGROVET LIMITED,NSE:GODREJAGRO-EQ
UTIAMC - UTIRPP36P1,NSE:UTIRPP36P1-MF
RAJ TV NETWORK LTD,NSE:RAJTV-EQ
PAGE INDUSTRIES LTD,NSE:PAGEIND-EQ
ASTRAL LIMITED,NSE:ASTRAL-EQ
SANOFI INDIA LIMITED,NSE:SANOFI-EQ
LA OPALA RG LIMITED,NSE:LAOPALA-EQ
NIP IND ETF GOLD BEES,NSE:GOLDBEES-EQ
JK TYRE & INDUSTRIES LTD,NSE:JKTYRE-EQ
NAHAR SPINNING MILLS LTD.,NSE:NAHARSPING-EQ
NAHAR POLY FILMS LIMITED,NSE:NAHARPOLY-EQ
EMBASSY DEVELOPMENTS LTD,NSE:EMBDL-EQ
LEXUS GRANITO (INDIA) LTD,NSE:LEXUS-EQ
DIVGI TORQTRANSFER SYST L,NSE:DIVGIITTS-EQ
HLV LIMITED,NSE:HLVLTD-EQ
GOKUL AGRO RESOURCES LTD,NSE:GOKULAGRO-EQ
THEMIS MEDICARE LTD.,NSE:THEMISMED-EQ
NCL INDUSTRIES LIMITED,NSE:NCLIND-EQ
BALAJI AMINES LIMITED,NSE:BALAMINES-EQ
BANSWARA SYNTEX LIMITED,NSE:BANSWRAS-EQ
BIRLASLAMC - ABSLLIQUID,NSE:ABSLLIQUID-EQ
ICRA LIMITED,NSE:ICRA-EQ
UTI GOLD ETF,NSE:GOLDSHARE-EQ
DISH TV INDIA LTD.,NSE:DISHTV-EQ
BIRLANU LIMITED,NSE:BIRLANU-EQ
THE PHOENIX MILLS LTD,NSE:PHOENIXLTD-EQ
ARO GRANITE IND. LTD.,NSE:AROGRANITE-EQ
BF UTILITIES LIMITED,NSE:BFUTILITIE-EQ
SREE RAYALSEEMA HHP LTD.,NSE:SRHHYPOLTD-EQ
ICICIPRAMC - PSUBANKICI,NSE:PSUBNKIETF-EQ
FORTIS HEALTHCARE LTD,NSE:FORTIS-EQ
ALPHAGEO (INDIA) LIMITED,NSE:ALPHAGEO-EQ
GLOBAL SURFACES LIMITED,NSE:GSLSU-EQ
WEBSOL ENERGY SYSTEM LTD,NSE:WEBELSOLAR-EQ
TGB BANQUETS&HOTELS LTD,NSE:TGBHOTELS-EQ
CHEMBOND MATERIALTECH LTD,NSE:CHEMBOND-EQ
HILTON METAL FORGING LTD,NSE:HILTON-EQ
ACCURACY SHIPPING LIMITED,NSE:ACCURACY-EQ
INSECTICIDES (I) LTD,NSE:INSECTICID-EQ
K M SUGAR MILLS LTD,NSE:KMSUGAR-EQ
AKZO NOBEL INDIA LIMITED,NSE:AKZOINDIA-EQ
NAVIN FLUORINE INT. LTD,NSE:NAVINFLUOR-EQ
GOA CARBON LIMITED,NSE:GOACARBON-EQ
NAGREEKA EXPORTS LTD.,NSE:NAGREEKEXP-EQ
TIME TECHNOPLAST LTD.,NSE:TIMETECHNO-EQ
HINDUJA GLOBAL SOLS. LTD.,NSE:HGS-EQ
HDFCAMC - HFMPM23DGR,NSE:HFMPM23DGR-MF
HDFCAMC - HFMPM23DND,NSE:HFMPM23DND-MF
DLF LIMITED,NSE:DLF-EQ
HDFCAMC - HFMPM23DQD,NSE:HFMPM23DQD-MF
HDFCAMC - HFMPM23RGR,NSE:HFMPM23RGR-MF
HDFCAMC - HFMPM23RND,NSE:HFMPM23RND-MF
HDFCAMC - HFMPM23RQD,NSE:HFMPM23RQD-MF
AXISAMC - AXSENSEX,NSE:AXSENSEX-EQ
ADVANI HOT.& RES.(I) LTD,NSE:ADVANIHOTR-EQ
IDBI BANK LIMITED,NSE:IDBI-EQ
NELCAST LIMITED,NSE:NELCAST-EQ
V2 RETAIL LIMITED,NSE:V2RETAIL-EQ
TARMAT LIMITED,NSE:TARMAT-EQ
MIRAEAMC - MANV30F,NSE:LOWVOL-EQ
SUN PHARMA ADV.RES.CO.LTD,NSE:SPARC-EQ
MEGASOFT LTD,NSE:MEGASOFT-EQ
BIRLASLAMC - ABSLFTUJDG,NSE:ABSLFTUJDG-MF
BIRLASLAMC - ABSLFTUJDN,NSE:ABSLFTUJDN-MF
RUDRABHISHEK ENTERP LTD,NSE:REPL-EQ
BIRLASLAMC - ABSLFTUJRG,NSE:ABSLFTUJRG-MF
BIRLASLAMC - ABSLFTUJRN,NSE:ABSLFTUJRN-MF
ALLIED DIGITAL SERV. LTD,NSE:ADSL-EQ
IFB AGRO INDUSTRIES LTD,NSE:IFBAGRO-EQ
W.S.INDUSTRIES (I) LTD.,NSE:WSI-EQ
DECCAN CEMENTS LIMITED,NSE:DECCANCE-EQ
VIP CLOTHING LIMITED,NSE:VIPCLOTHNG-EQ
ALPA LABORATORIES LTD,NSE:ALPA-EQ
IFB INDUSTRIES LTD,NSE:IFBIND-EQ
OMAXE LIMITED,NSE:OMAXE-EQ
KOTAK GOLD ETF,NSE:GOLD1-EQ
UDAYSHIVAKUMAR INFRA LTD,NSE:USK-EQ
ASIAN GRANITO IND. LTD.,NSE:ASIANTILES-EQ
AKI INDIA LIMITED,NSE:AKI-EQ
CENTRAL BANK OF INDIA,NSE:CENTRALBK-EQ
SAHYADRI INDUSTRIES LTD,NSE:SAHYADRI-EQ
KDDL LIMITED,NSE:KDDL-EQ
IFCI LTD,NSE:IFCI-EQ
KPR MILL LTD.,NSE:KPRMILL-EQ
PURAVANKARA LIMITED,NSE:PURVA-EQ
LORENZINI APPARELS LTD,NSE:LAL-EQ
CIE AUTOMOTIVE INDIA LTD,NSE:CIEINDIA-EQ
MIRAEAMC - MAGS813ETF,NSE:GSEC10YEAR-EQ
RESTAURANT BRAND ASIA LTD,NSE:RBA-EQ
UNIONAMC - F13DG,NSE:F13DG-MF
MOTILAL OSWAL FIN LTD,NSE:MOTILALOFS-EQ
UNIONAMC - F13RG,NSE:F13RG-MF
UNIONAMC - F13RP,NSE:F13RP-MF
INDOWIND ENERGY LTD,NSE:INDOWIND-EQ
MAGNUM VENTURES LTD.,NSE:MAGNUM-EQ
CSB BANK LIMITED,NSE:CSBBANK-EQ
SHIVA MILLS LIMITED,NSE:SHIVAMILLS-EQ
KAVERI SEED CO. LTD.,NSE:KSCL-EQ
POWER GRID CORP. LTD.,NSE:POWERGRID-EQ
CENTUM ELECTRONICS LTD,NSE:CENTUM-EQ
CONS. CONST. CONSORT LTD,NSE:CCCL-EQ
MANG.CHEM.FERT.LTD,NSE:MANGCHEFER-EQ
MAAN ALUMINIUM LIMITED,NSE:MAANALU-EQ
NIP IND ETF PSU BANK BEES,NSE:PSUBNKBEES-EQ
BAJAJ ELECT.LTD,NSE:BAJAJELEC-EQ
CERA SANITARYWARE LTD,NSE:CERA-EQ
DELTA CORP LIMITED,NSE:DELTACORP-EQ
ENERGY DEVE. CO.LTD,NSE:ENERGYDEV-EQ
AVALON TECHNOLOGIES LTD,NSE:AVALON-EQ
KOTAK PSU BANK,NSE:PSUBANK-EQ
BEML LAND ASSETS LIMITED,NSE:BLAL-EQ
RELIGARE ENTER. LTD.,NSE:RELIGARE-EQ
MOTILALAMC - G5,NSE:MOGSEC-EQ
ASTER DM HEALTHCARE LTD.,NSE:ASTERDM-EQ
ADANI PORT & SEZ LTD,NSE:ADANIPORTS-EQ
UTIAMC - SILVERETF,NSE:SILVERETF-EQ
EDELWEISS FIN SERV LTD,NSE:EDELWEISS-EQ
THE INDIAN HOTELS CO. LTD,NSE:INDHOTEL-EQ
SHREE VASU LOGISTICS LTD,NSE:SVLL-EQ
KOLTE PATIL DEV. LTD.,NSE:KOLTEPATIL-EQ
RENAISSANCE GLOBAL LTD,NSE:RGL-EQ
COLGATE PALMOLIVE LTD.,NSE:COLPAL-EQ
JYOTHY LABS LIMITED,NSE:JYOTHYLAB-EQ
THE INDIA CEMENTS LIMITED,NSE:INDIACEM-EQ
MADHAV MARBLE & GRANITE,NSE:MADHAV-EQ
KALYANI FORGE LIMITED,NSE:KALYANIFRG-EQ
ROBUST HOTELS LIMITED,NSE:RHL-EQ
HITECH CORPORATION LTD,NSE:HITECHCORP-EQ
TRANS & RECTI. LTD,NSE:TARIL-EQ
ECLERX SERVICES LTD,NSE:ECLERX-EQ
KIRLOSKAR PNEUMATIC COM L,NSE:KIRLPNU-EQ
BRIGADE ENTER. LTD,NSE:BRIGADE-EQ
MANAKSIA LTD.,NSE:MANAKSIA-EQ
ARIES AGRO LTD.,NSE:ARIES-EQ
PPAP AUTOMOTIVE LIMITED,NSE:PPAP-EQ
INDIA GLYCOLS LTD,NSE:INDIAGLYCO-EQ
DHUNSERI VENTURES LIMITED,NSE:DVL-EQ
PATEL INT. LOG. LTD,NSE:PATINTLOG-EQ
UJJIVAN SMALL FINANC BANK,NSE:UJJIVANSFB-EQ
LICNAMC - LICNFNHGP,NSE:LICNFNHGP-EQ
AMBIKA COTTON MILL LTD.,NSE:AMBIKCO-EQ
ADITYA BIRLA MONEY LTD,NSE:BIRLAMONEY-EQ
CEAT LIMITED,NSE:CEATLTD-EQ
RELIANCE POWER LTD.,NSE:RPOWER-EQ
JKUMAR INFR.LTD.,NSE:JKIL-EQ
CORDS CABLE INDUS LTD.,NSE:CORDSCABLE-EQ
ONMOBILE GLOBAL LTD.,NSE:ONMOBILE-EQ
KNR CONSTRU LTD.,NSE:KNRCON-EQ
HERCULES HOI. LTD.,NSE:HERCULES-EQ
INDIAN HUME PIPE CO. LTD.,NSE:INDIANHUME-EQ
BANG OVERSEAS LTD.,NSE:BANG-EQ
SEPC LIMITED,NSE:SEPC-EQ
IRB INFRA DEV LTD.,NSE:IRB-EQ
QUANTUM GOLD FUND,NSE:QGOLDHALF-EQ
NMDC LTD.,NSE:NMDC-EQ
RAIN INDUSTRIES LIMITED,NSE:RAIN-EQ
SHALIM PAINTS LTD,NSE:SHALPAINTS-EQ
GSS INFOTECH LIMITED,NSE:GSS-EQ
REC LIMITED,NSE:RECLTD-EQ
DSPAMC - DSPGOLDETF,NSE:GOLDETFADD-EQ
NAHAR CAP & FIN.,NSE:NAHARCAP-EQ
V-GUARD IND LTD.,NSE:VGUARD-EQ
PUDUMJEE PAPER PRO. LTD,NSE:PDMJEPAPER-EQ
MANKIND PHARMA LIMITED,NSE:MANKIND-EQ
DHANI SERVICES LIMITED,NSE:DHANI-EQ
RACE ECO CHAIN LIMITED,NSE:RACE-EQ
EIH ASSOCIATED HOTELS LTD,NSE:EIHAHOTELS-EQ
APCOTEX INDUSTRIES LIMITE,NSE:APCOTEXIND-EQ
ATAM VALVES LIMITED,NSE:ATAM-EQ
NESCO LTD.,NSE:NESCO-EQ
TITAGARH RAIL SYSTEMS LTD,NSE:TITAGARH-EQ
DPSC LIMITED,NSE:DPSCLTD-EQ
RKEC PROJECTS LIMITED,NSE:RKEC-EQ
HEALTHCARE GLOB. ENT. LTD,NSE:HCG-EQ
AVG LOGISTICS LIMITED,NSE:AVG-EQ
ATAL REALTECH LIMITED,NSE:ATALREAL-EQ
APOLLO HOSPITALS ENTER. L,NSE:APOLLOHOSP-EQ
GMM PFAUDLER LIMITED,NSE:GMMPFAUDLR-EQ
GILLETTE INDIA LTD,NSE:GILLETTE-EQ
TARC LIMITED,NSE:TARC-EQ
LATTEYS INDUSTRIES LTD,NSE:LATTEYS-EQ
HINDWARE HME INOVATON LTD,NSE:HINDWAREAP-EQ
MANGALAM GLOBAL ENT LTD,NSE:MGEL-EQ
INFOSYS LIMITED,NSE:INFY-EQ
INGERSOLL-RAND INDIA LTD,NSE:INGERRAND-EQ
PRINCE PIPES FITTINGS LTD,NSE:PRINCEPIPE-EQ
AURI GROW INDIA LIMITED,NSE:AURIGROW-EQ
BHARAT WIRE ROPES LTD.,NSE:BHARATWIRE-EQ
FAIRCHEM ORGANICS LIMITED,NSE:FAIRCHEMOR-EQ
PAVNA INDUSTRIES LIMITED,NSE:PAVNAIND-EQ
TATA INVESTMENT CORP LTD,NSE:TATAINVEST-EQ
INDIAN OIL CORP LTD,NSE:IOC-EQ
INFIBEAM AVENUES LIMITED,NSE:INFIBEAM-EQ
EDELAMC - EBBETF0430,NSE:EBBETF0430-EQ
LINDE INDIA LIMITED,NSE:LINDEINDIA-EQ
MRS BECTORS FOOD SPE LTD,NSE:BECTORFOOD-EQ
APOLLO TYRES LTD,NSE:APOLLOTYRE-EQ
ION EXCHANGE (INDIA) LTD,NSE:IONEXCHANG-EQ
IPCA LABORATORIES LTD,NSE:IPCALAB-EQ
MMP INDUSTRIES LIMITED,NSE:MMP-EQ
VAISHALI PHARMA LIMITED,NSE:VAISHALI-EQ
ANDHRA PAPER LIMITED,NSE:ANDHRAPAP-EQ
ITC LTD,NSE:ITC-EQ
SUNDROP BRANDS LIMITED,NSE:SUNDROP-EQ
KIRI INDUSTRIES LIMITED,NSE:KIRIINDUS-EQ
ANIK INDUSTRIES LTD,NSE:ANIKINDS-EQ
BAJAJ AUTO LIMITED,NSE:BAJAJ-AUTO-EQ
BAJAJ FINSERV LTD.,NSE:BAJAJFINSV-EQ
PTC INDUSTRIES LIMITED,NSE:PTCIL-EQ
GHCL TEXTILES LIMITED,NSE:GHCLTEXTIL-EQ
GOKUL REFOILS & SOLV LTD,NSE:GOKUL-EQ
UNITED BREWERIES LTD,NSE:UBL-EQ
ALMONDZ GLOBAL SEC LTD,NSE:ALMONDZ-EQ
H.G.INFRA ENGINEERING LTD,NSE:HGINFRA-EQ
RPG LIFE SCIENCES LTD,NSE:RPGLIFE-EQ
M K PROTEINS LIMITED,NSE:MKPL-EQ
ITI LTD,NSE:ITI-EQ
MIRAEAMC - MASILVER,NSE:SILVERAG-EQ
GE VERNOVA T&D INDIA LTD,NSE:GVT&D-EQ
ARCHIDPLY IND. LTD,NSE:ARCHIDPLY-EQ
IVP LTD,NSE:IVP-EQ
QUANTUM NIFTY 50 ETF,NSE:QNIFTY-EQ
VINYL CHEMICALS (I) LTD.,NSE:VINYLINDIA-EQ
IKIO TECHNOLOGIES LIMITED,NSE:IKIO-EQ
KOKUYO CAMLIN LIMITED,NSE:KOKUYOCMLN-EQ
SINDHU TRADE LINKS LTD,NSE:SINDHUTRAD-EQ
LANDMARK PR.DEV.CO.LTD,NSE:LPDC-EQ
D P WIRES LIMITED,NSE:DPWIRES-EQ
TOUCHWOOD ENTERTAIN LTD.,NSE:TOUCHWOOD-EQ
ARTEMIS MED SERVICE LTD,NSE:ARTEMISMED-EQ
ZF COM VE CTR SYS IND LTD,NSE:ZFCVINDIA-EQ
20 MICRONS LTD,NSE:20MICRONS-EQ
JOCIL LIMITED,NSE:JOCIL-EQ
INDBANK MERCH BANK,NSE:INDBANK-EQ
ASHOKA METCAST LIMITED,NSE:ASHOKAMET-EQ
ALKALI METALS LTD,NSE:ALKALI-EQ
COUNTRY CONDO S LIMITED,NSE:COUNCODOS-EQ
TEAMO PRODUCTIONS HQ LTD,NSE:TPHQ-EQ
GACM TECHNOLOGIES LIMITED,NSE:GATECHDVR-EQ
MAWANA SUGARS LIMITED,NSE:MAWANASUG-EQ
PATANJALI FOODS LIMITED,NSE:PATANJALI-EQ
THYROCARE TECH LTD,NSE:THYROCARE-EQ
NIP IND ETF SHARIAH BEES,NSE:SHARIABEES-EQ
HMA AGRO INDUSTRIES LTD,NSE:HMAAGRO-EQ
URAVI DEFENCE &TECH LTD,NSE:URAVIDEF-EQ
CROMPT GREA CON ELEC LTD,NSE:CROMPTON-EQ
SUMITOMO CHEM INDIA LTD,NSE:SUMICHEM-EQ
PARAG MILK FOODS LTD.,NSE:PARAGMILK-EQ
IDEAFORGE TECHNO LTD,NSE:IDEAFORGE-EQ
AARTECH SOLONICS LIMITED,NSE:AARTECH-EQ
ICICIPRAMC - ICICIM150,NSE:MIDCAPIETF-EQ
MIRAEAMC - MANXT50,NSE:NEXT50-EQ
SHRIRAM PIST. & RING LTD,NSE:SHRIPISTON-EQ
CYIENT DLM LIMITED,NSE:CYIENTDLM-EQ
PAKKA LIMITED,NSE:PAKKA-EQ
JAYSHREE TEA & INDUSTRIES,NSE:JAYSREETEA-EQ
DSPAMC - DSPITETF,NSE:ITETFADD-EQ
ALBERT DAVID LIMITED,NSE:ALBERTDAVD-EQ
J B CHEMICALS AND PHARMA,NSE:JBCHEPHARM-EQ
ARMAN FIN SERV LTD,NSE:ARMANFIN-EQ
ASPINWALL & CO LTD,NSE:ASPINWALL-EQ
SENCO GOLD LIMITED,NSE:SENCO-EQ
SBI-ETF GOLD,NSE:SETFGOLD-EQ
BLS INTL SERVS LTD,NSE:BLS-EQ
NAGARJUN FERT AND CHE LTD,NSE:NAGAFERT-EQ
AJMERA REALTY & INF I LTD,NSE:AJMERA-EQ
LLOYDS METALS N ENERGY L,NSE:LLOYDSME-EQ
MAHINDRA HOLIDAYS LTD,NSE:MHRIL-EQ
SALONA COTSPIN LTD.,NSE:SALONA-EQ
GKW LIMITED,NSE:GKWLIMITED-EQ
UTKARSH SMALL FIN BANK L,NSE:UTKARSHBNK-EQ
VINATI ORGANICS LTD,NSE:VINATIORGA-EQ
ADANI POWER LTD,NSE:ADANIPOWER-EQ
SBIAMC - SETF10GILT,NSE:SETF10GILT-EQ
PREMIER EXPLOSIVES LTD,NSE:PREMEXPLN-EQ
NHPC LTD,NSE:NHPC-EQ
MIRAEAMC - BANKETF,NSE:BANKETF-EQ
GLOBUS SPIRITS LTD,NSE:GLOBUSSPR-EQ
NETWEB TECH INDIA LTD,NSE:NETWEB-EQ
OIL INDIA LTD,NSE:OIL-EQ
ICICI PRUDENTIAL NV20 ETF,NSE:NV20IETF-EQ
CONTROL PRINT LIMITED,NSE:CONTROLPR-EQ
EXPLEO SOLUTIONS LIMITED,NSE:EXPLEOSOL-EQ
INCREDIBLE INDUSTRIES LTD,NSE:INCREDIBLE-EQ
SETCO AUTOMOTIVE LTD,NSE:SETCO-EQ
RATTANINDIA POWER LIMITED,NSE:RTNPOWER-EQ
MAHANAGAR GAS LTD.,NSE:MGL-EQ
DAMODAR INDUSTRIES LTD,NSE:DAMODARIND-EQ
AMRUTAJAN HEALTH LTD,NSE:AMRUTANJAN-EQ
JINDAL POLY FILMS LIMITED,NSE:JINDALPOLY-EQ
MIRAEAMC - LIQUID,NSE:LIQUID-EQ
DSPAMC - DSPPVBKETF,NSE:PVTBANKADD-EQ
ASSO ALCOHOLS & BREW LTD,NSE:ASALCBR-EQ
MAHINDRA EPC IRRIG LTD,NSE:MAHEPC-EQ
DSPAMC - DSPSENXETF,NSE:SENSEXADD-EQ
DSPAMC - DSPPSBKETF,NSE:PSUBANKADD-EQ
MOLD-TEK TECHNOLOGIES LTD,NSE:MOLDTECH-EQ
ZYDUS WELLNESS LIMITED,NSE:ZYDUSWELL-EQ
SUNTECK REALTY LIMITED,NSE:SUNTECK-EQ
POKARNA LIMITED,NSE:POKARNA-EQ
UNIVERSUS IMAGINGS LTD,NSE:UNIVPHOTO-EQ
ALOK INDUSTRIES LIMITED,NSE:ALOKINDS-EQ
GPT INFRAPROJECTS LTD,NSE:GPTINFRA-EQ
NIP IND ETF LONGTERM GILT,NSE:LTGILTBEES-EQ
ICICI PRUD MIDCAP SEL ETF,NSE:MIDSELIETF-EQ
QUESS CORP LIMITED,NSE:QUESS-EQ
DEN NETWORKS LTD,NSE:DEN-EQ
ASTEC LIFESCIENCES LTD,NSE:ASTEC-EQ
YATHARTH HOSP & TRA C S L,NSE:YATHARTH-EQ
NIIT LEARNING SYSTEMS LTD,NSE:NIITMTS-EQ
SHILPA MEDICARE LTD,NSE:SHILPAMED-EQ
SARDA ENERGY & MIN LTD,NSE:SARDAEN-EQ
REFEX INDUSTRIES LIMITED,NSE:REFEX-EQ
THE GROB TEA COMPANY LTD,NSE:GROBTEA-EQ
ALLCARGO TERMINALS LTD,NSE:ATL-EQ
SOMI CONVEYOR BELT. LTD.,NSE:SOMICONVEY-EQ
TRANSINDIA REAL ESTATE L,NSE:TREL-EQ
LLOYDS ENGG WORK LIMITED,NSE:LLOYDSENGG-EQ
ICICIPRAMC - ICICIQTY30,NSE:QUAL30IETF-EQ
LTIMINDTREE LIMITED,NSE:LTIM-EQ
KANPUR PLASTIPACK LIMITED,NSE:KANPRPLA-EQ
AHLUWALIA CONT IND LTD,NSE:AHLUCONT-EQ
GILLANDERS ARBUTHNOT LTD,NSE:GILLANDERS-EQ
D-LINK INDIA LTD,NSE:DLINKINDIA-EQ
REDTAPE LIMITED,NSE:REDTAPE-EQ
JSW ENERGY LIMITED,NSE:JSWENERGY-EQ
GODREJ PROPERTIES LTD,NSE:GODREJPROP-EQ
D.B.CORP LTD,NSE:DBCORP-EQ
GACM TECHNOLOGIES LIMITED,NSE:GATECH-EQ
ABBOTT INDIA LIMITED,NSE:ABBOTINDIA-EQ
GEEKAY WIRES LIMITED,NSE:GEEKAYWIRE-EQ
BAYER CROPSCIENCE LTD,NSE:BAYERCROP-EQ
BEARDSELL LIMITED,NSE:BEARDSELL-EQ
HINDUSTAN COPPER LTD,NSE:HINDCOPPER-EQ
COHANCE LIFESCIENCES LTD,NSE:COHANCE-EQ
MMTC LIMITED,NSE:MMTC-EQ
NESTLE INDIA LIMITED,NSE:NESTLEIND-EQ
ANTONY WASTE HDG CELL LTD,NSE:AWHCL-EQ
SBI CARDS & PAY SER LTD,NSE:SBICARD-EQ
PRAMERAMC - PGIMCSA1G,NSE:PGIMCSA1G-MF
PRAMERAMC - PGIMCSA2D,NSE:PGIMCSA2D-MF
TRF LIMITED,NSE:TRF-EQ
PRAMERAMC - PGIMCSA3D,NSE:PGIMCSA3D-MF
PRAMERAMC - PGIMCSA4D,NSE:PGIMCSA4D-MF
PRAMERAMC - PGIMCSR1D,NSE:PGIMCSR1D-MF
PRAMERAMC - PGIMCSR2G,NSE:PGIMCSR2G-MF
PRAMERAMC - PGIMCSR3D,NSE:PGIMCSR3D-MF
PRAMERAMC - PGIMCSR4D,NSE:PGIMCSR4D-MF
UNITED NILGIRI TEA LTD,NSE:UNITEDTEA-EQ
BARODAPAMC - BPF02D1R,NSE:BPF02D1R-MF
BARODAPAMC BPF02D2G,NSE:BPF02D2G-MF
BARODAPAMC - BPF02D3D,NSE:BPF02D3D-MF
BARODAPAMC - BPF02D3R,NSE:BPF02D3R-MF
BARODAPAMC - BPF02D4D,NSE:BPF02D4D-MF
BARODAPAMC - BPF02D4R,NSE:BPF02D4R-MF
WHIRLPOOL OF INDIA LTD,NSE:WHIRLPOOL-EQ
VL E GOV AND IT SOL LTD,NSE:VLEGOV-EQ
JYOTI STRUCTURES LTD,NSE:JYOTISTRUC-EQ
SBFC FINANCE LIMITED,NSE:SBFC-EQ
MBL INFRASTRUCTURE LTD,NSE:MBLINFRA-EQ
ADVANCED ENZYME TECH LTD,NSE:ADVENZYMES-EQ
MINDTECK (INDIA) LIMITED,NSE:MINDTECK-EQ
KABRA EXTRUSION TECHNIK L,NSE:KABRAEXTRU-EQ
CONCORD BIOTECH LIMITED,NSE:CONCORDBIO-EQ
BARODAPAMC - BPF02D5R,NSE:BPF02D5R-MF
BARODAPAMC BPF02IDR,NSE:BPF02IDR-MF
BARODAPAMC BPF02IGG,NSE:BPF02IGG-MF
BARODAPAMC BPF02IMD,NSE:BPF02IMD-MF
BARODAPAMC BPF02IMR,NSE:BPF02IMR-MF
BARODAPAMC BPF02IQD,NSE:BPF02IQD-MF
KAJARIA CERAMICS LTD,NSE:KAJARIACER-EQ
DILIP BUILDCON LIMITED,NSE:DBL-EQ
BARODAPAMC BPF02IQR,NSE:BPF02IQR-MF
BARODAPAMC BPF02IWR,NSE:BPF02IWR-MF
BARODAPAMC - BPF02RDR,NSE:BPF02RDR-MF
JUBILANT FOODWORKS LTD,NSE:JUBLFOOD-EQ
RAJDARSHAN INDUSTRIES LTD,NSE:ARENTERP-EQ
KOTAK NIFTY ETF,NSE:NIFTY1-EQ
KAKATIYA CEM SUGAR &IND L,NSE:KAKATCEM-EQ
VASCON ENGINEERS LTD,NSE:VASCONEQ-EQ
THANGAMAYIL JEWELLERY LTD,NSE:THANGAMAYL-EQ
SRG HOUSING FINANCE L,NSE:SRGHFL-EQ
VALOR ESTATE LIMITED,NSE:DBREALTY-EQ
YASHO INDUSTRIES LIMITED,NSE:YASHO-EQ
DOLPHIN OFF ENT (IND) L,NSE:DOLPHIN-EQ
KALPATARU PROJECT INT LTD,NSE:KPIL-EQ
EMMBI INDUSTRIES LIMITED,NSE:EMMBI-EQ
JIO FIN SERVICES LTD,NSE:JIOFIN-EQ
TVS SUPPLY CHAIN SOL L,NSE:TVSSCS-EQ
HATHWAY CABLE & DATACOM,NSE:HATHWAY-EQ
BARODAPAMC - BPF02RGG,NSE:BPF02RGG-MF
BARODAPAMC - BPF02RMD,NSE:BPF02RMD-MF
BARODAPAMC - BPF02RMR,NSE:BPF02RMR-MF
BARODAPAMC - BPF02RWR,NSE:BPF02RWR-MF
BARODAPAMC - BPF01D1D,NSE:BPF01D1D-MF
BARODAPAMC - BPF01D1R,NSE:BPF01D1R-MF
BARODAPAMC - BPF01D2G,NSE:BPF01D2G-MF
BARODAPAMC - BPF01D3D,NSE:BPF01D3D-MF
BARODAPAMC - BPF01D3R,NSE:BPF01D3R-MF
BARODAPAMC - BPF01GPG,NSE:BPF01GPG-MF
BARODAPAMC - BPF01MDD,NSE:BPF01MDD-MF
BARODAPAMC - BPF01MDR,NSE:BPF01MDR-MF
BARODAPAMC - BPF01QDD,NSE:BPF01QDD-MF
BARODAPAMC - BPF01QDR,NSE:BPF01QDR-MF
FRANTEMAMC - IF3DPD,NSE:IF3DPD-MF
FRANTEMAMC - IF3GPD,NSE:IF3GPD-MF
FRANTEMAMC - IFD3DPD,NSE:IFD3DPD-MF
FRANTEMAMC - IFD3GPD,NSE:IFD3GPD-MF
FRANTEMAMC - FICRF3DP,NSE:FICRF3DP-MF
FRANTEMAMC - FICRF3GP,NSE:FICRF3GP-MF
FRANTEMAMC - FICRFD3DPD,NSE:FICRFD3DPD-MF
FRANTEMAMC - FICRFD3GPD,NSE:FICRFD3GPD-MF
FRANTEMAMC - FISTIP3GP,NSE:FISTIP3GP-MF
FRANTEMAMC - FISTIP3MDP,NSE:FISTIP3MDP-MF
HDFCAMC - HFMPCC50DD,NSE:HFMPCC50DD-MF
HDFCAMC - HFMPCC50RD,NSE:HFMPCC50RD-MF
HDFCAMC - HFMPCC75DD,NSE:HFMPCC75DD-MF
HDFCAMC - HFMPCC75RD,NSE:HFMPCC75RD-MF
FRANTEMAMC - FISTIP3QDP,NSE:FISTIP3QDP-MF
FRANTEMAMC - FISTIP3WDP,NSE:FISTIP3WDP-MF
FRANTEMAMC - FISTIPD3GP,NSE:FISTIPD3GP-MF
FRANTEMAMC - FISTIPD3MD,NSE:FISTIPD3MD-MF
FRANTEMAMC - FISTIPD3QD,NSE:FISTIPD3QD-MF
FRANTEMAMC - FISTIPD3WD,NSE:FISTIPD3WD-MF
ORIENT PRESS LIMITED,NSE:ORIENTLTD-EQ
TEXMO PIPE & PRODUCTS LTD,NSE:TEXMOPIPES-EQ
KIRLOSKAR ELECTRIC CO LTD,NSE:KECL-EQ
MAN INFRA LTD,NSE:MANINFRA-EQ
PYRAMID TECHNOPLAST LTD,NSE:PYRAMID-EQ
S. P. APPARELS LIMITED,NSE:SPAL-EQ
KAMAT HOTELS (I) LTD,NSE:KAMATHOTEL-EQ
AEROFLEX INDUSTRIES LTD,NSE:AEROFLEX-EQ
HDFCAMC - HDFCLIQUID,NSE:HDFCLIQUID-EQ
NIP IND ETF HANGSENG BEES,NSE:HNGSNGBEES-EQ
INVESCO INDIA GOLD ETF,NSE:IVZINGOLD-EQ
LG BALAKRISHNAN & BROS,NSE:LGBBROSLTD-EQ
VISHNU PRAKASH R PUNGLI L,NSE:VPRPL-EQ
UTIAMC - NIFMID150,NSE:NIFMID150-EQ
KANORIA CHEMICALS & INDUS,NSE:KANORICHEM-EQ
SANDUR MANG & IRON ORES L,NSE:SANDUMA-EQ
PERSISTENT SYSTEMS LTD,NSE:PERSISTENT-EQ
NAGA DHUNSERI GROUP LTD,NSE:NDGL-EQ
KARUR VYSYA BANK LTD,NSE:KARURVYSYA-EQ
FRANTEMAMC - FISTIPIP3G,NSE:FISTIPIP3G-MF
RBL BANK LIMITED,NSE:RBLBANK-EQ
TCPL PACKAGING LIMITED,NSE:TCPLPACK-EQ
KCP LTD,NSE:KCP-EQ
ASIAN HOTELS (NORTH) LTD,NSE:ASIANHOTNR-EQ
RATNAVEER PRECISION ENG L,NSE:RATNAVEER-EQ
BIGBLOC CONSTRUCTION LTD,NSE:BIGBLOC-EQ
HITACHI ENERGY INDIA LTD,NSE:POWERINDIA-EQ
INTRASOFT TECH. LTD,NSE:ISFT-EQ
TV VISION LIMITED,NSE:TVVISION-EQ
CUPID LIMITED,NSE:CUPID-EQ
DIAMOND POWER INFRA LTD,NSE:DIACABS-EQ
JUPITER LIFE LINE HOSP L,NSE:JLHL-EQ
MITTAL LIFE STYLE LIMITED,NSE:MITTAL-EQ
L&T TECHNOLOGY SER. LTD.,NSE:LTTS-EQ
R R KABEL LIMITED,NSE:RRKABEL-EQ
GNA AXLES LIMITED,NSE:GNA-EQ
KIRLOSKAR BROTHERS LTD,NSE:KIRLOSBROS-EQ
KESORAM INDUSTRIES LTD,NSE:KESORAMIND-EQ
EMS LIMITED,NSE:EMSLIMITED-EQ
ZAGGLE PREPA OCEAN SER L,NSE:ZAGGLE-EQ
SAMHI HOTELS LIMITED,NSE:SAMHI-EQ
DIAMINES & CHEMICALS LTD,NSE:DIAMINESQ-EQ
ICICI PRU LIFE INS CO LTD,NSE:ICICIPRULI-EQ
MARATHON NXTGEN REALT LTD,NSE:MARATHON-EQ
HPL ELECTRIC & POWER LTD,NSE:HPL-EQ
NUVAMA WEALTH MANAGE LTD,NSE:NUVAMA-EQ
MASK INVESTMENTS LIMITED,NSE:MASKINVEST-EQ
SIGNATUREGLOBAL INDIA LTD,NSE:SIGNATURE-EQ
SAI SILKS (KALAMANDIR) L,NSE:KALAMANDIR-EQ
YATRA ONLINE LIMITED,NSE:YATRA-EQ
BANDHANAMC - IDFNIFTYET,NSE:IDFNIFTYET-EQ
CARYSIL LIMITED,NSE:CARYSIL-EQ
ENDURANCE TECHNO. LTD.,NSE:ENDURANCE-EQ
TARAPUR TRANSFORMERS LTD,NSE:TARAPUR-EQ
NIRAJ ISPAT IND LTD,NSE:NIRAJISPAT-EQ
VERTOZ LIMITED,NSE:VERTOZ-EQ
MAZDA LIMITED,NSE:MAZDA-EQ
SJVN LTD,NSE:SJVN-EQ
KALYANI STEELS LIMITED,NSE:KSL-EQ
PNB HOUSING FIN LTD.,NSE:PNBHOUSING-EQ
VARUN BEVERAGES LIMITED,NSE:VBL-EQ
SUNDARAM MULTI PAP LTD,NSE:SUNDARAM-EQ
RAJRATAN GLOBAL WIRE LTD,NSE:RAJRATAN-EQ
KAPSTON SERVICES LIMITED,NSE:KAPSTON-EQ
UNIVASTU INDIA LIMITED,NSE:UNIVASTU-EQ
STYRENIX PERFORMANCE LTD,NSE:STYRENIX-EQ
CUMMINS INDIA LTD,NSE:CUMMINSIND-EQ
MANOJ VAIBHAV GEM N JEW L,NSE:MVGJL-EQ
JSW INFRASTRUCTURE LTD,NSE:JSWINFRA-EQ
KIRLOSKAR INDUSTRIES LTD,NSE:KIRLOSIND-EQ
PODDAR PIGMENTS LIMITED,NSE:PODDARMENT-EQ
MANAPPURAM FINANCE LTD,NSE:MANAPPURAM-EQ
AARVI ENCON LIMITED,NSE:AARVI-EQ
NIP IND ETF IT,NSE:ITBEES-EQ
SILLY MONKS ENTERTAIN LTD,NSE:SILLYMONKS-EQ
ROLLATAINERS LIMITED,NSE:ROLLT-EQ
N.B.I. IND. FIN. CO. LTD,NSE:NBIFIN-EQ
UPDATER SERVICES LIMITED,NSE:UDS-EQ
USHA MARTIN EDU & SOL LTD,NSE:UMESLTD-EQ
SHEELA FOAM LIMITED,NSE:SFL-EQ
KOPRAN LTD,NSE:KOPRAN-EQ
TILAKNAGAR INDUSTRIES LTD,NSE:TI-EQ
HEADS UP VENTURES LIMITED,NSE:HEADSUP-EQ
HINDUSTAN MEDIA VENT LTD,NSE:HMVL-EQ
VALIANT LABORATORIES LTD,NSE:VALIANTLAB-EQ
KOTAK MAHINDRA BANK LTD,NSE:KOTAKBANK-EQ
TCI EXPRESS LIMITED,NSE:TCIEXP-EQ
MIRAEAMC - SENSEXETF,NSE:SENSEXETF-EQ
WEALTH FRST PORT. MG. LTD,NSE:WEALTH-EQ
AARTI SURFACTANTS LIMITED,NSE:AARTISURF-EQ
LAURUS LABS LIMITED,NSE:LAURUSLABS-EQ
INDIAN METALS & FERRO,NSE:IMFA-EQ
MOTILALAMC - MONIFTY500,NSE:MONIFTY500-EQ
BLISS GVS PHARMA LTD,NSE:BLISSGVS-EQ
DSP LIQUID ETF,NSE:LIQUIDETF-EQ
EMAMI REALTY LIMITED,NSE:EMAMIREAL-EQ
THEJO ENGINEERING LIMITED,NSE:THEJO-EQ
MOTILAL OSWAL M50 ETF,NSE:MOM50-EQ
INDIA TOUR. DEV. CO. LTD.,NSE:ITDC-EQ
ARVIND LIMITED,NSE:ARVIND-EQ
HISAR METAL IND. LIMITED,NSE:HISARMETAL-EQ
KREBS BIOCHEMICALS & IND,NSE:KREBSBIO-EQ
BOROSIL LIMITED,NSE:BOROLTD-EQ
ROSSARI BIOTECH LIMITED,NSE:ROSSARI-EQ
ASIAN HOTELS (EAST) LTD,NSE:AHLEAST-EQ
CAPITAL TRUST LIMITED,NSE:CAPTRUST-EQ
PLAZA WIRES LIMITED,NSE:PLAZACABLE-EQ
KSB LIMITED,NSE:KSB-EQ
SECMARK CONSULTANCY LTD,NSE:SECMARK-EQ
TWAMEV CONS AND INFRA LTD,NSE:TICL-EQ
INDUSTRIAL INV TRUST LTD,NSE:IITL-EQ
BAJAJ CONSUMER CARE LTD,NSE:BAJAJCON-EQ
HDFC GOLD ETF,NSE:HDFCGOLD-EQ
BHANDARI HOSIERY EXP LTD,NSE:BHANDARI-EQ
THE UGAR SUGAR WORKS LTD,NSE:UGARSUGAR-EQ
BSE LIMITED,NSE:BSE-EQ
IRM ENERGY LIMITED,NSE:IRMENERGY-EQ
PRAKASH STEELAGE LTD,NSE:PRAKASHSTL-EQ
PRICOL LIMITED,NSE:PRICOLLTD-EQ
MIRAEAMC - ITETF,NSE:ITETF-EQ
TRENT LTD,NSE:TRENT-EQ
MIRAEAMC - ALPHAETF,NSE:ALPHAETF-EQ
MAX ESTATES LIMITED,NSE:MAXESTATES-EQ
ICICI PRUDENTIAL GOLD ETF,NSE:GOLDIETF-EQ
BLUE JET HEALTHCARE LTD,NSE:BLUEJET-EQ
SBIAMC - LIQUIDSBI,NSE:LIQUIDSBI-EQ
GUJARAT PIPAVAV PORT LTD,NSE:GPPL-EQ
ADF FOODS LIMITED,NSE:ADFFOODS-EQ
MUFIN GREEN FINANCE LTD,NSE:MUFIN-EQ
LMW LIMITED,NSE:LMW-EQ
CELLO WORLD LIMITED,NSE:CELLO-EQ
HONASA CONSUMER LIMITED,NSE:HONASA-EQ
AMINES & PLASTICIZERS LTD,NSE:AMNPLST-EQ
LAXMI GOLDORNA HOUSE LTD,NSE:LGHL-EQ
MUSIC BROADCAST LIMITED,NSE:RADIOCITY-EQ
ESAF SMALL FINANCE BANK L,NSE:ESAFSFB-EQ
MAS FINANCIAL SERV LTD,NSE:MASFIN-EQ
AVENUE SUPERMARTS LIMITED,NSE:DMART-EQ
ORISSA MIN DEV CO LTD,NSE:ORISSAMINE-EQ
EDELAMC - EGOLD,NSE:EGOLD-EQ
KILITCH DRUGS INDIA LTD,NSE:KILITCH-EQ
LIBERTY SHOES LTD,NSE:LIBERTSHOE-EQ
DEEPAK NITRITE LTD,NSE:DEEPAKNTR-EQ
LIC HOUSING FINANCE LTD,NSE:LICHSGFIN-EQ
AHLADA ENGINEERS LIMITED,NSE:AHLADA-EQ
SASTASUNDAR VENTURES LTD,NSE:SASTASUNDR-EQ
NIP IND ETF INFRA BEES,NSE:INFRABEES-EQ
CP CAPITAL LIMITED,NSE:CPCAP-EQ
TASTY BITE EATABLES LTD,NSE:TASTYBITE-EQ
UNITED DRILLING TOOLS LTD,NSE:UNIDT-EQ
ORIENT GREEN POWER CO LTD,NSE:GREENPOWER-EQ
RAMKY INFRA LTD,NSE:RAMKY-EQ
ASK AUTOMOTIVE LIMITED,NSE:ASKAUTOLTD-EQ
ARIHANT SUPERSTRUCT LTD,NSE:ARIHANTSUP-EQ
CANTABIL RETAIL LTD,NSE:CANTABIL-EQ
AKSHARCHEM INDIA LIMITED,NSE:AKSHARCHEM-EQ
LUMAX INDUSTRIES LTD,NSE:LUMAXIND-EQ
ASHOKA BUILDCON LTD,NSE:ASHOKA-EQ
VA TECH WABAG LTD,NSE:WABAG-EQ
BEDMUTHA INDUST LTD,NSE:BEDMUTHA-EQ
URJA GLOBAL LIMITED,NSE:URJA-EQ
JUPITER WAGONS LIMITED,NSE:JWL-EQ
OBEROI REALTY LIMITED,NSE:OBEROIRLTY-EQ
EDELAMC - ESILVER,NSE:ESILVER-EQ
INDIAN RENEWABLE ENERGY,NSE:IREDA-EQ
LYKA LABS LTD,NSE:LYKALABS-EQ
INDIAN RAILWAY FIN CORP L,NSE:IRFC-EQ
TATA TECHNOLOGIES LIMITED,NSE:TATATECH-EQ
SHAH METACORP LIMITED,NSE:SHAH-EQ
ASHAPURA MINECHEM LTD,NSE:ASHAPURMIN-EQ
PRESTIGE ESTATE LTD,NSE:PRESTIGE-EQ
GANDHAR OIL REFINE IND L,NSE:GANDHAR-EQ
MAHINDRA & MAHINDRA LTD,NSE:M&M-EQ
N R AGARWAL INDS LTD,NSE:NRAIL-EQ
SHANKARA BLDG PRODUCT LTD,NSE:SHANKARA-EQ
FEDBANK FINANCIAL SER L,NSE:FEDFINA-EQ
RESPONSIVE INDUSTRIES LTD,NSE:RESPONIND-EQ
CAPRI GLOBAL CAPITAL LTD,NSE:CGCL-EQ
FLAIR WRITING INDUST LTD,NSE:FLAIR-EQ
COAL INDIA LTD,NSE:COALINDIA-EQ
IOL CHEM AND PHARMA LTD,NSE:IOLCP-EQ
THE RAMCO CEMENTS LIMITED,NSE:RAMCOCEM-EQ
ANJANI PORTLAND CEM LTD,NSE:APCL-EQ
INDIGO PAINTS LIMITED,NSE:INDIGOPNTS-EQ
THE WESTERN INDIA PLY LTD,NSE:WIPL-EQ
CHENNAI PETROLEUM CORP LT,NSE:CHENNPETRO-EQ
PRUDENTIAL SUGAR CORPORAT,NSE:PRUDMOULI-EQ
BAJEL PROJECTS LIMITED,NSE:BAJEL-EQ
AXIS MF - AXIS GOLD ETF,NSE:AXISGOLD-EQ
GRAVITA INDIA LIMITED,NSE:GRAVITA-EQ
BARODABNP - BBNPPGOLD,NSE:BBNPPGOLD-EQ
DOMS INDUSTRIES LIMITED,NSE:DOMS-EQ
INDIA SHELTER FIN CORP L,NSE:INDIASHLTR-EQ
HOME FIRST FIN CO IND LTD,NSE:HOMEFIRST-EQ
DOLLAR INDUSTRIES LIMITED,NSE:DOLLAR-EQ
ASHIMA LTD,NSE:ASHIMASYN-EQ
INOX INDIA LIMITED,NSE:INOXINDIA-EQ
SUPERHOUSE LIMITED,NSE:SUPERHOUSE-EQ
PENNAR INDUSTRIES LTD,NSE:PENIND-EQ
JINDAL WORLDWIDE LTD,NSE:JINDWORLD-EQ
S CHAND AND COMPANY LTD,NSE:SCHAND-EQ
VARDHMAN TEXTILES LIMITED,NSE:VTL-EQ
R.P.P INFRA PROJECTS LTD,NSE:RPPINFRA-EQ
JAMNA AUTO IND LTD,NSE:JAMNAAUTO-EQ
MOTISONS JEWELLERS LTD,NSE:MOTISONS-EQ
SURAJ ESTATE DEVELOPERS L,NSE:SURAJEST-EQ
HSG & URBAN DEV CORPN LTD,NSE:HUDCO-EQ
MOIL LIMITED,NSE:MOIL-EQ
MUTHOOT MICROFIN LIMITED,NSE:MUTHOOTMF-EQ
MAHARASHTRA SCOOTERS LTD,NSE:MAHSCOOTER-EQ
ZEE LEARN LIMITED,NSE:ZEELEARN-EQ
HAPPY FORGINGS LIMITED,NSE:HAPPYFORGE-EQ
RBZ JEWELLERS LIMITED,NSE:RBZJEWEL-EQ
PSP PROJECTS LIMITED,NSE:PSPPROJECT-EQ
CREDO BRANDS MARKETING L,NSE:MUFTI-EQ
MAHARASHTRA SEAMLESS LTD,NSE:MAHSEAMLES-EQ
AZAD ENGINEERING LIMITED,NSE:AZAD-EQ
KIRLOSKAR OIL ENG LTD,NSE:KIRLOSENG-EQ
RAVI KUMAR DIST. LTD.,NSE:RKDL-EQ
SUNDARAM CLAYTON LIMITED,NSE:SUNCLAY-EQ
NIINTR FUND-QIF SR I-GRW,NSE:NMFINQRAG1-MF
PUNJAB & SIND BANK,NSE:PSB-EQ
FUTURE MKT NETWORKS LTD,NSE:FMNL-EQ
MANGALAM CEMENT LTD,NSE:MANGLMCEM-EQ
INNOVA CAPTAB LIMITED,NSE:INNOVACAP-EQ
STOVE KRAFT LIMITED,NSE:STOVEKRAFT-EQ
SURANA SOLAR LIMITED,NSE:SURANASOL-EQ
STAR CEMENT LIMITED,NSE:STARCEMENT-EQ
SHEKHAWATI INDUSTRIES LTD,NSE:SHEKHAWATI-EQ
BF INVESTMENT LIMITED,NSE:BFINVEST-EQ
KALYANI INVEST CO LTD,NSE:KICL-EQ
MARAL OVERSEAS LTD,NSE:MARALOVER-EQ
TEJAS NETWORKS LIMITED,NSE:TEJASNET-EQ
ERIS LIFESCIENCES LIMITED,NSE:ERIS-EQ
CENTRAL DEPO SER (I) LTD,NSE:CDSL-EQ
GTPL HATHWAY LIMITED,NSE:GTPL-EQ
ASHOK LEYLAND LTD,NSE:ASHOKLEY-EQ
AU SMALL FINANCE BANK LTD,NSE:AUBANK-EQ
MASTEK LTD,NSE:MASTEK-EQ
DIGIDRIVE DISTRIBUTORS L,NSE:DIGIDRIVE-EQ
AXISAMC - AXISNIFTY,NSE:AXISNIFTY-EQ
ICICI PR NIF LW VL 30 ETF,NSE:LOWVOLIETF-EQ
SUMMIT SECURITIES LTD,NSE:SUMMITSEC-EQ
DYNEMIC PRODUCTS LIMITED,NSE:DYNPRO-EQ
JYOTI CNC AUTOMATION LTD,NSE:JYOTICNC-EQ
STEEL EXCHANGE INDIA LTD,NSE:STEELXIND-EQ
SALASAR TECHNO ENGG. LTD.,NSE:SALASAR-EQ
PALASH SECURITIES LTD,NSE:PALASHSECU-EQ
MAGADH SUGAR & ENERGY LTD,NSE:MAGADSUGAR-EQ
GANGES SECURITIES LIMITED,NSE:GANGESSECU-EQ
TATAAML-TATAGOLD,NSE:TATAGOLD-EQ
AVADH SUG & ENERGY LTD,NSE:AVADHSUGAR-EQ
MAX FINANCIAL SERV LTD,NSE:MFSL-EQ
MOTILAL OS MIDCAP100 ETF,NSE:MOM100-EQ
THE INVEST TRUST OF IND L,NSE:THEINVEST-EQ
TATAAML-TATSILV,NSE:TATSILV-EQ
BHARAT DYNAMICS LIMITED,NSE:BDL-EQ
OPTIEMUS INFRACOM LTD,NSE:OPTIEMUS-EQ
UTIAMC - UTINEXT50,NSE:UTINEXT50-EQ
STEL HOLDINGS LIMITED,NSE:STEL-EQ
SIS LIMITED,NSE:SIS-EQ
COCHIN SHIPYARD LIMITED,NSE:COCHINSHIP-EQ
SMS LIFESCIENCES (I) LTD,NSE:SMSLIFE-EQ
COMMERCIAL SYN BAGS LTD,NSE:COMSYN-EQ
ADITYA BIRLA CAPITAL LTD.,NSE:ABCAPITAL-EQ
APEX FROZEN FOODS LIMITED,NSE:APEX-EQ
RAJNANDINI METAL LIMITED,NSE:RAJMET-EQ
BHARAT ROAD NETWORK LTD,NSE:BRNL-EQ
DIXON TECHNO (INDIA) LTD,NSE:DIXON-EQ
DISHMAN CARBO AMCIS LTD,NSE:DCAL-EQ
MEDI ASSIST HEALTH SER L,NSE:MEDIASSIST-EQ
MATRIMONY.COM LIMITED,NSE:MATRIMONY-EQ
CHOLAMANDALAM FIN HOL LTD,NSE:CHOLAHLDNG-EQ
CAPACITE INFRAPROJECT LTD,NSE:CAPACITE-EQ
ZERODHAAMC - LIQUIDCASE,NSE:LIQUIDCASE-EQ
AKG EXIM LIMITED,NSE:AKG-EQ
ICICI LOMBARD GIC LIMITED,NSE:ICICIGI-EQ
DAVANGERE SUGAR COMPANY L,NSE:DAVANGERE-EQ
SBI LIFE INSURANCE CO LTD,NSE:SBILIFE-EQ
BOSCH LIMITED,NSE:BOSCHLTD-EQ
TEXMACO RAIL & ENG. LTD.,NSE:TEXRAIL-EQ
TSF INVESTMENTS LIMITED,NSE:TSFINV-EQ
PRATAAP SNACKS LIMITED,NSE:DIAMONDYD-EQ
GENERIC ENG CONS PROJ LTD,NSE:GENCON-EQ
HFCL LIMITED,NSE:HFCL-EQ
IND TERRAIN FASHIONS LTD,NSE:INDTERRAIN-EQ
BFAM - NIFTYBETF,NSE:NIFTYBETF-EQ
BFAM - BANKBETF,NSE:BANKBETF-EQ
ACC LIMITED,NSE:ACC-EQ
INDIAN ENERGY EXC LTD,NSE:IEX-EQ
DHUNSERI INVESTMENTS LTD,NSE:DHUNINV-EQ
EDELAMC - EBBETF0431,NSE:EBBETF0431-EQ
NDR AUTO COMPONENTS LTD,NSE:NDRAUTO-EQ
WORTH PERIPHERALS LIMITED,NSE:WORTHPERI-EQ
TIRUPATI FORGE LIMITED,NSE:TIRUPATIFL-EQ
MODI RUBBER LTD,NSE:MODIRUBBER-EQ
ICICIPRAMC - ICICIALPLV,NSE:ALPL30IETF-EQ
MACPOWER CNC MACHINES LTD,NSE:MACPOWER-EQ
ICICIPRAMC - ICICITECH,NSE:ITIETF-EQ
MAX HEALTHCARE INS LTD,NSE:MAXHEALTH-EQ
MODERN THREADS INDIA LTD,NSE:MODTHREAD-EQ
LOVABLE LINGERIE LTD,NSE:LOVABLE-EQ
TOTAL TRANSPORT SYS LTD,NSE:TOTAL-EQ
MAX INDIA LIMITED,NSE:MAXIND-EQ
HDFCAMC - HDFCNIFBAN,NSE:HDFCNIFBAN-EQ
UTIAMC - UTIBANKETF,NSE:UTIBANKETF-EQ
EPACK DURABLE LIMITED,NSE:EPACK-EQ
NOVA AGRITECH LIMITED,NSE:NOVAAGRI-EQ
UTIAMC - NIFITETF,NSE:NIFITETF-EQ
UTIAMC - NIF5GETF,NSE:NIF5GETF-EQ
UTIAMC - NIF10GETF,NSE:NIF10GETF-EQ
PENINSULA LAND LIMITED,NSE:PENINLAND-EQ
BLS E-SERVICES LIMITED,NSE:BLSE-EQ
MOREPEN LAB. LTD,NSE:MOREPENLAB-EQ
DSPAMC - HEALTHADD,NSE:HEALTHADD-EQ
HDFCAMC HDFCPSUBK,NSE:HDFCPSUBK-EQ
PTC INDIA FIN SERV LTD,NSE:PFS-EQ
BANDHAN BANK LIMITED,NSE:BANDHANBNK-EQ
PARKHOTELS,NSE:PARKHOTELS-EQ
SIGNPOST INDIA LIMITED,NSE:SIGNPOST-EQ
JANA SMALL FIN BANK LTD,NSE:JSFB-EQ
RASHI PERIPHERALS LIMITED,NSE:RPTECH-EQ
CAPITAL SMALL FIN BANK L,NSE:CAPITALSFB-EQ
MOTOR & GENERAL FINANCE L,NSE:MOTOGENFIN-EQ
ENTERO HEALTHCARE SOLU L,NSE:ENTERO-EQ
LICNAMC - LICNMID100,NSE:LICNMID100-EQ
VIBHOR STEEL TUBES LTD,NSE:VSTL-EQ
MOTILAL OS NASDAQ100 ETF,NSE:MON100-EQ
IRIS CLOTHINGS LIMITED,NSE:IRISDOREME-EQ
MRF LTD,NSE:MRF-EQ
JUNIPER HOTELS LIMITED,NSE:JUNIPER-EQ
MRPL,NSE:MRPL-EQ
MIRAEAMC - SMALLCAP,NSE:SMALLCAP-EQ
ABSL IIF- QP - SI-IPDP,NSE:BSLIQPIIDP-MF
GPT HEALTHCARE LIMITED,NSE:GPTHEALTH-EQ
ABSL IIF- QP - SI-RPDP,NSE:BSLIQPIRDP-MF
ABSL IIF- QP - SI-RPG,NSE:BSLIQPIRG-MF
HLE GLASCOAT LIMITED,NSE:HLEGLAS-EQ
ZERODHAAMC - GOLDCASE,NSE:GOLDCASE-EQ
PLATINUM INDUSTRIES LTD,NSE:PLATIND-EQ
MAHANAGAR TELEPHONE NIGAM,NSE:MTNL-EQ
EXICOM TELE SYSTEMS LTD,NSE:EXICOM-EQ
MUKKA PROTEINS LIMITED,NSE:MUKKA-EQ
LANCOR HOLDINGS LIMITED,NSE:LANCORHOL-EQ
HINDUSTAN AERONAUTICS LTD,NSE:HAL-EQ
R K SWAMY LIMITED,NSE:RKSWAMY-EQ
J.G.CHEMICALS LIMITED,NSE:JGCHEM-EQ
BEST AGROLIFE LIMITED,NSE:BESTAGRO-EQ
GOPAL SNACKS LIMITED,NSE:GOPAL-EQ
MUNJAL SHOWA LTD,NSE:MUNJALSHOW-EQ
SHIPPING CORP OF ILA LTD,NSE:SCILAL-EQ
MURUDESHWAR CERAMICS LTD,NSE:MURUDCERA-EQ
POPULAR VEHICLES N SER L,NSE:PVSL-EQ
HEIDELBERGCEMENT (I) LTD,NSE:HEIDELBERG-EQ
KRYSTAL INTEGRATED SER L,NSE:KRYSTAL-EQ
MOTILALAMC - MOSMALL250,NSE:MOSMALL250-EQ
MOTILALAMC - MOREALTY,NSE:MOREALTY-EQ
NCC LIMITED,NSE:NCC-EQ
SMC GLOBAL SECURITIES LTD,NSE:SMCGLOBAL-EQ
CPSE ETF,NSE:CPSEETF-EQ
JAYASWAL NECO INDUSTR LTD,NSE:JAYNECOIND-EQ
SRI ADHIKARI BRO TELE N L,NSE:SABTNL-EQ
SRM CONTRACTORS LIMITED,NSE:SRM-EQ
DSPAMC - LIQUIDADD,NSE:LIQUIDADD-EQ
SINCLAIRS HOTELS LIMITED,NSE:SINCLAIR-EQ
BHARTI HEXACOM LIMITED,NSE:BHARTIHEXA-EQ
AAKASH EXPLORATION SER L,NSE:AAKASH-EQ
NURECA LIMITED,NSE:NURECA-EQ
TARA CHAND INFRA SOLN LTD,NSE:TARACHAND-EQ
AUTHUM INVEST & INFRA LTD,NSE:AIIL-EQ
GLOSTER LIMITED,NSE:GLOSTERLTD-EQ
ASIAN PAINTS LIMITED,NSE:ASIANPAINT-EQ
BALU FORGE INDUSTRIES LTD,NSE:BALUFORGE-EQ
JNK INDIA LIMITED,NSE:JNKINDIA-EQ
FILATEX FASHIONS LIMITED,NSE:FILATFASH-EQ
MUTHOOT FINANCE LIMITED,NSE:MUTHOOTFIN-EQ
INDEGENE LIMITED,NSE:INDGN-EQ
AADHAR HOUSING FINANCE L,NSE:AADHARHFC-EQ
TBO TEK LIMITED,NSE:TBOTEK-EQ
GO DIGIT GENERAL INS LTD,NSE:GODIGIT-EQ
ADITYBIRLA SL GOLD ETF-GR,NSE:BSLGOLDETF-EQ
BIRLASLAMC-ABSLPSE,NSE:ABSLPSE-EQ
NAVNEET EDUCATION LTD,NSE:NAVNETEDUL-EQ
MIRAEAMC - MIDSMALL,NSE:MIDSMALL-EQ
AWFIS SPACE SOLUTIONS LTD,NSE:AWFIS-EQ
NELCO LTD,NSE:NELCO-EQ
BFAM - LIQUIDBETF,NSE:LIQUIDBETF-EQ
SANDHAR TECHNOLOGIES LTD,NSE:SANDHAR-EQ
BOROSIL SCIENTIFIC LTD,NSE:BOROSCI-EQ
KRONOX LAB SCIENCES LTD,NSE:KRONOX-EQ
UTI-FIIF - AIP- I- IG,NSE:UTFIAIPIGI-MF
UTI-FIIF - AIP- I- RG,NSE:UTFIAIPRGI-MF
UTI-FIIF - AIP- I- RDP,NSE:UTFIAIPRPI-MF
NEULAND LAB LTD.,NSE:NEULANDLAB-EQ
UTI-FIIF  -AIP- I- RDR,NSE:UTFIAIPRRI-MF
LE TRAVENUES TECHNOLOGY L,NSE:IXIGO-EQ
ZERODHAAMC - MID150CASE,NSE:MID150CASE-EQ
ZERODHAAMC - TOP100CASE,NSE:TOP100CASE-EQ
BARODABNP - BBNPNBETF,NSE:BBNPNBETF-EQ
JHS SVENDGAARD RETAIL V L,NSE:RETAIL-EQ
DEE DEVELOPMENT ENG LTD,NSE:DEEDEV-EQ
AKME FINTRADE (INDIA) LTD,NSE:AFIL-EQ
PI INDUSTRIES LTD,NSE:PIIND-EQ
SYMPHONY LIMITED,NSE:SYMPHONY-EQ
VADILAL INDUSTRIES LTD,NSE:VADILALIND-EQ
NILKAMAL LIMITED,NSE:NILKAMAL-EQ
INVESCO INDIA NIFTY ETF,NSE:IVZINNIFTY-EQ
RELAXO FOOT LTD.,NSE:RELAXO-EQ
STANLEY LIFESTYLES LTD,NSE:STANLEY-EQ
OM INFRA LIMITED,NSE:OMINFRAL-EQ
ESTER INDUSTRIES LTD,NSE:ESTER-EQ
VST TILLERS TRACTORS LTD,NSE:VSTTILLERS-EQ
ALLIED BLEND N DISTILS L,NSE:ABDL-EQ
RAILTEL CORP OF IND LTD,NSE:RAILTEL-EQ
VRAJ IRON AND STEEL LTD,NSE:VRAJ-EQ
NIP IND ETF CONSUMPTION,NSE:CONSUMBEES-EQ
SBIAMC - SBISILVER,NSE:SBISILVER-EQ
SHRIRAM - LIQUIDSHRI,NSE:LIQUIDSHRI-EQ
BANSAL WIRE INDUSTRIES L,NSE:BANSALWIRE-EQ
NK INDUSTRIES LTD,NSE:NKIND-EQ
DELPHI WORLD MONEY LTD,NSE:DELPHIFX-EQ
EMCURE PHARMACEUTICALS L,NSE:EMCURE-EQ
ASHIANA HOUSING LTD,NSE:ASHIANA-EQ
BIRLASLAMC - ABGSEC,NSE:ABGSEC-EQ
DHANUKA AGRITECH LTD,NSE:DHANUKA-EQ
NOCIL LIMITED,NSE:NOCIL-EQ
AGI INFRA LIMITED,NSE:AGIIL-EQ
MIRAEAMC - EVINDIA,NSE:EVINDIA-EQ
ARCHIDPLY DECOR LIMITED,NSE:ADL-EQ
SBIAMC - SBINEQWETF,NSE:SBINEQWETF-EQ
FILATEX INDIA LTD,NSE:FILATEX-EQ
ICICIPRAMC - OILIETF,NSE:OILIETF-EQ
MAITHAN ALLOYS LTD,NSE:MAITHANALL-EQ
CENTRUM CAPITAL LIMITED,NSE:CENTRUM-EQ
SANSTAR LIMITED,NSE:SANSTAR-EQ
RUSHIL DECOR LIMITED,NSE:RUSHIL-EQ
RAVINDRA ENERGY LIMITED,NSE:RELTD-EQ
AVANTEL LIMITED,NSE:AVANTEL-EQ
MISHRA DHATU NIGAM LTD,NSE:MIDHANI-EQ
AKUMS DRUGS AND PHARMA L,NSE:AKUMS-EQ
OIL COUNTRY TUBULAR LTD,NSE:OILCOUNTUB-EQ
RUBFILA INTERNATIONAL LTD,NSE:RUBFILA-EQ
RAGHAV PRODUCTIVITY ENH L,NSE:RPEL-EQ
CEIGALL INDIA LIMITED,NSE:CEIGALL-EQ
OIL AND NATURAL GAS CORP.,NSE:ONGC-EQ
ADITYBIRLA SL NIF ETF-GR,NSE:BSLNIFTY-EQ
GROWWAMC - GROWWEV,NSE:GROWWEV-EQ
UNICOMMERCE ESOLUTIONS L,NSE:UNIECOM-EQ
ONWARD TECHNOLOGIES LTD,NSE:ONWARDTEC-EQ
BRAINBEES SOLUTIONS LTD,NSE:FIRSTCRY-EQ
MANGAL CREDIT N FINCORP L,NSE:MANCREDIT-EQ
BIRLASLAMC - GSEC10ABSL,NSE:GSEC10ABSL-EQ
SUYOG TELEMATICS LIMITED,NSE:SUYOG-EQ
SARASWATI SAREE DEPOT LTD,NSE:SSDL-EQ
ICICIPRAMC - METALIETF,NSE:METALIETF-EQ
INVENTURE GRO & SEC LTD,NSE:INVENTURE-EQ
INTERARCH BLDNG SOLTN LTD,NSE:INTERARCH-EQ
ORIENT HOTELS LTD,NSE:ORIENTHOT-EQ
GLOBALE TESSILE LIMITED,NSE:GLOBALE-EQ
MAHALAXMI FABRIC MILLS LT,NSE:MFML-EQ
MOTILALAMC - MODEFENCE,NSE:MODEFENCE-EQ
L&T FINANCE LIMITED,NSE:LTF-EQ
ORIENT PAPER AND INDS LTD,NSE:ORIENTPPR-EQ
ORIENT TECHNOLOGIES LTD,NSE:ORIENTTECH-EQ
SURAJ LIMITED,NSE:SURAJLTD-EQ
WINDSOR MACHINES LIMITED,NSE:WINDMACHIN-EQ
ADANI ENTERPRISES LIMITED,NSE:ADANIENT-EQ
BODAL CHEMICALS LTD,NSE:BODALCHEM-EQ
PREMIER ENERGIES LIMITED,NSE:PREMIERENE-EQ
ECOS (INDIA) MOB & HOSP L,NSE:ECOSMOBLTY-EQ
RAYMOND LIFESTYLE LIMITED,NSE:RAYMONDLSL-EQ
MIRAEAMC - MULTICAP,NSE:MULTICAP-EQ
TREE HOUSE EDU LTD,NSE:TREEHOUSE-EQ
ASAHI SONGWON COLOR LTD,NSE:ASAHISONG-EQ
BAAZAR STYLE RETAIL LTD,NSE:STYLEBAAZA-EQ
BCL INDUSTRIES LIMITED,NSE:BCLIND-EQ
GALA PRECISION ENG LTD,NSE:GALAPREC-EQ
BROOKS LAB LIMITED,NSE:BROOKS-EQ
OSWAL AGRO MILLS LTD,NSE:OSWALAGRO-EQ
REVATHI EQUIPMENT INDIA L,NSE:RVTH-EQ
EUREKA FORBES LIMITED,NSE:EUREKAFORB-EQ
DSPAMC - TOP10ADD,NSE:TOP10ADD-EQ
TD POWER SYSTEMS LTD.,NSE:TDPOWERSYS-EQ
SHREE TIRUPATI BALAJEE L,NSE:BALAJEE-EQ
SANOFI CONS HEALTHC IND L,NSE:SANOFICONR-EQ
XTGLOBAL INFOTECH LIMITED,NSE:XTGLOBAL-EQ
KROSS LIMITED,NSE:KROSS-EQ
EDELAMC - EBANKNIFTY,NSE:EBANKNIFTY-EQ
TOLINS TYRES LIMITED,NSE:TOLINS-EQ
BAJAJ HOUSING FINANCE LTD,NSE:BAJAJHFL-EQ
P N GADGIL JEWELLERS LTD,NSE:PNGJL-EQ
ALEMBIC PHARMA LTD,NSE:APLLTD-EQ
VASWANI IND LTD,NSE:VASWANI-EQ
P&G HYGIENE & HEALTH CARE,NSE:PGHH-EQ
PG ELECTROPLAST LTD,NSE:PGEL-EQ
PANAMA PETROCHEM LTD,NSE:PANAMAPET-EQ
ARKADE DEVELOPERS LIMITED,NSE:ARKADE-EQ
WESTERN CARRIERS (IND) L,NSE:WCIL-EQ
NORTHERN ARC CAPITAL LTD,NSE:NORTHARC-EQ
GROWWAMC - GROWWLIQID,NSE:GROWWLIQID-EQ
PAISALO DIGITAL LIMITED,NSE:PAISALO-EQ
TIJARIA POLYPIPES LTD,NSE:TIJARIA-EQ
ONELIFE CAP ADVISORS LTD,NSE:ONELIFECAP-EQ
NIRAJ CEMENT STRUC LTD,NSE:NIRAJ-EQ
INDO US BIOTECH LTD,NSE:INDOUS-EQ
FLEXITUFF VENTURES INT L,NSE:FLEXITUFF-EQ
SHAKTI PUMPS (I) LTD,NSE:SHAKTIPUMP-EQ
TRIVENI TURBINE LIMITED,NSE:TRITURBINE-EQ
MANBA FINANCE LIMITED,NSE:MANBA-EQ
MOTILALAMC - MOMENTUM50,NSE:MOMENTUM50-EQ
HUHTAMAKI INDIA LIMITED,NSE:HUHTAMAKI-EQ
U. Y. FINCORP LIMITED,NSE:UYFINCORP-EQ
ESSAR SHIPPING LTD,NSE:ESSARSHPNG-EQ
LIC MF - LIC GOLD ETF,NSE:LICMFGOLD-EQ
KRN HEAT EXCHANGE N REF L,NSE:KRN-EQ
DIFFUSION ENGINEERS LTD,NSE:DIFFNKG-EQ
JAIN DVR EQUITY SHARES,NSE:JISLDVREQS-EQ
DYNACONS SYS & SOLN LTD,NSE:DSSL-EQ
POLY MEDICURE LIMITED,NSE:POLYMED-EQ
RUPA & COMPANY LTD,NSE:RUPA-EQ
MIRAEAMC - BANKPSU,NSE:BANKPSU-EQ
MIRAEAMC - METAL,NSE:METAL-EQ
VIKAS ECOTECH LIMITED,NSE:VIKASECO-EQ
GROWWAMC - GROWWDEFNC,NSE:GROWWDEFNC-EQ
APL APOLLO TUBES LTD,NSE:APLAPOLLO-EQ
KANANI INDUSTRIES LTD,NSE:KANANIIND-EQ
GARUDA CONSTRUCT N ENG L,NSE:GARUDA-EQ
LLOYDS ENTERPRISES LTD,NSE:LLOYDSENT-EQ
VINTAGE COFFEE N BVRGS L,NSE:VINCOFE-EQ
HYUNDAI MOTOR INDIA LTD,NSE:HYUNDAI-EQ
ICICIPRAMC - VAL30IETF,NSE:VAL30IETF-EQ
AFFORD ROBO & AUTO LTD,NSE:AFFORDABLE-EQ
GROWWAMC - GROWWGOLD,NSE:GROWWGOLD-EQ
DEEPAK BUILDERS & ENG I L,NSE:DBEIL-EQ
MINDA CORPORATION LTD,NSE:MINDACORP-EQ
WAAREE ENERGIES LIMITED,NSE:WAAREEENER-EQ
OCCL LIMITED,NSE:OCCLLTD-EQ
GODAVARI BIOREFINERIES L,NSE:GODAVARIB-EQ
3P LAND HOLDINGS LIMITED,NSE:3PLAND-EQ
AFCONS INFRASTRUCTURE LTD,NSE:AFCONS-EQ
AMJ LAND HOLDINGS LIMITED,NSE:AMJLAND-EQ
ADITYA VISION LIMITED,NSE:AVL-EQ
EDELAMC - EMULTIMQ,NSE:EMULTIMQ-EQ
NIFTY50-INDEX,NSE:NIFTY50-INDEX
NIFTYIT-INDEX,NSE:NIFTYIT-INDEX
NIFTYBANK-INDEX,NSE:NIFTYBANK-INDEX
NIFTYNXT50-INDEX,NSE:NIFTYNXT50-INDEX
NIFTYMIDCAP50-INDEX,NSE:NIFTYMIDCAP50-INDEX
INDIAVIX-INDEX,NSE:INDIAVIX-INDEX
NIFTYINFRA-INDEX,NSE:NIFTYINFRA-INDEX
NIFTYPSE-INDEX,NSE:NIFTYPSE-INDEX
FINNIFTY-INDEX,NSE:FINNIFTY-INDEX
NIFTYCPSE-INDEX,NSE:NIFTYCPSE-INDEX
LEMON TREE HOTELS LTD,NSE:LEMONTREE-EQ
MIDCPNIFTY-INDEX,NSE:MIDCPNIFTY-INDEX
NIFTYTATA25CAP-INDEX,NSE:NIFTYTATA25CAP-INDEX
NIFTYMIDSMLHLTH-INDEX,NSE:NIFTYMIDSMLHLTH-INDEX
NIFTYMULTIMFG-INDEX,NSE:NIFTYMULTIMFG-INDEX
NIFTYMULTIINFRA-INDEX,NSE:NIFTYMULTIINFRA-INDEX
BHARATBOND-APR30-INDEX,NSE:BHARATBOND-APR30-INDEX
BHARATBOND-APR31-INDEX,NSE:BHARATBOND-APR31-INDEX
BHARATBOND-APR32-INDEX,NSE:BHARATBOND-APR32-INDEX
BHARATBOND-APR33-INDEX,NSE:BHARATBOND-APR33-INDEX
NIFTYINDDEFENCE-INDEX,NSE:NIFTYINDDEFENCE-INDEX
NIFTYINDTOURISM-INDEX,NSE:NIFTYINDTOURISM-INDEX
NIFTYCAPITALMKT-INDEX,NSE:NIFTYCAPITALMKT-INDEX
NIFTY500MOMENTM50-INDEX,NSE:NIFTY500MOMENTM50-INDEX
NIFTYMS400MQ100-INDEX,NSE:NIFTYMS400MQ100-INDEX
NIFTYSML250MQ100-INDEX,NSE:NIFTYSML250MQ100-INDEX
NIFTYTOP10EW-INDEX,NSE:NIFTYTOP10EW-INDEX
NIFTYAQL30-INDEX,NSE:NIFTYAQL30-INDEX
PEARL POLYMERS LTD,NSE:PEARLPOLY-EQ
NIFTYAQLV30-INDEX,NSE:NIFTYAQLV30-INDEX
NIFTYEV-INDEX,NSE:NIFTYEV-INDEX
NIFTYHIGHBETA50-INDEX,NSE:NIFTYHIGHBETA50-INDEX
NIFTYNEWCONSUMP-INDEX,NSE:NIFTYNEWCONSUMP-INDEX
NIFTYCORPMAATR-INDEX,NSE:NIFTYCORPMAATR-INDEX
NIFTYLOWVOL50-INDEX,NSE:NIFTYLOWVOL50-INDEX
NIFTYMOBILITY-INDEX,NSE:NIFTYMOBILITY-INDEX
NIFTYQLTYLV30-INDEX,NSE:NIFTYQLTYLV30-INDEX
NIFTYSML250Q50-INDEX,NSE:NIFTYSML250Q50-INDEX
NIFTYTOP15EW-INDEX,NSE:NIFTYTOP15EW-INDEX
NIFTY100ALPHA30-INDEX,NSE:NIFTY100ALPHA30-INDEX
NIFTY100ENHESG-INDEX,NSE:NIFTY100ENHESG-INDEX
NIFTY200VALUE30-INDEX,NSE:NIFTY200VALUE30-INDEX
NIFTY500EW-INDEX,NSE:NIFTY500EW-INDEX
NIFTYMULTIMQ50-INDEX,NSE:NIFTYMULTIMQ50-INDEX
NIFTY500VALUE50-INDEX,NSE:NIFTY500VALUE50-INDEX
NIFTYTOP20EW-INDEX,NSE:NIFTYTOP20EW-INDEX
NIFTYCOREHOUSING-INDEX,NSE:NIFTYCOREHOUSING-INDEX
NIFTYFINSEREXBNK-INDEX,NSE:NIFTYFINSEREXBNK-INDEX
NIFTYHOUSING-INDEX,NSE:NIFTYHOUSING-INDEX
NIFTYIPO-INDEX,NSE:NIFTYIPO-INDEX
NIFTYMSFINSERV-INDEX,NSE:NIFTYMSFINSERV-INDEX
NIFTYMSINDCONS-INDEX,NSE:NIFTYMSINDCONS-INDEX
NIFTYMSITTELCM-INDEX,NSE:NIFTYMSITTELCM-INDEX
NIFTYNONCYCCONS-INDEX,NSE:NIFTYNONCYCCONS-INDEX
NIFTYRURAL-INDEX,NSE:NIFTYRURAL-INDEX
NIFTYSHARIAH25-INDEX,NSE:NIFTYSHARIAH25-INDEX
NIFTYTRANSLOGIS-INDEX,NSE:NIFTYTRANSLOGIS-INDEX
NIFTY50SHARIAH-INDEX,NSE:NIFTY50SHARIAH-INDEX
NIFTY500LMSEQL-INDEX,NSE:NIFTY500LMSEQL-INDEX
NIFTY500SHARIAH-INDEX,NSE:NIFTY500SHARIAH-INDEX
NIFTY500QLTY50-INDEX,NSE:NIFTY500QLTY50-INDEX
NIFTY500LOWVOL50-INDEX,NSE:NIFTY500LOWVOL50-INDEX
HERANBA INDUSTRIES LTD,NSE:HERANBA-EQ
SEAMEC LIMITED,NSE:SEAMECLTD-EQ
KOTAKMAMC - KOTAKIT,NSE:IT-EQ
ATUL LTD,NSE:ATUL-EQ
NIP IND ETF DIV OPP,NSE:DIVOPPBEES-EQ
PFIZER LTD,NSE:PFIZER-EQ
DRC SYSTEMS INDIA LIMITED,NSE:DRCSYSTEMS-EQ
PCBL CHEMICAL LIMITED,NSE:PCBL-EQ
PIDILITE INDUSTRIES LTD,NSE:PIDILITIND-EQ
POLYPLEX CORPORATION LTD,NSE:POLYPLEX-EQ
CHEMCON SPECIAL CHEM LTD,NSE:CHEMCON-EQ
HEXA TRADEX LIMITED,NSE:HEXATRADEX-EQ
A B INFRABUILD LIMITED,NSE:ABINFRA-EQ
TRIB BHIMJI ZAVERI LTD,NSE:TBZ-EQ
MASTER TRUST LIMITED,NSE:MASTERTR-EQ
PRAJ INDUSTRIES LTD,NSE:PRAJIND-EQ
SAGILITY LIMITED,NSE:SAGILITY-EQ
ACME SOLAR HOLDINGS LTD,NSE:ACMESOLAR-EQ
SWIGGY LIMITED,NSE:SWIGGY-EQ
VARDHMAN SPC STEEL LTD,NSE:VSSL-EQ
MIRAEAMC - LIQUIDPLUS,NSE:LIQUIDPLUS-EQ
K.P. ENERGY LIMITED,NSE:KPEL-EQ
PRAKASH INDUSTRIES LTD,NSE:PRAKASH-EQ
KNOWLEDGE MARINE & EN W L,NSE:KMEW-EQ
MTAR TECHNOLOGIES LIMITED,NSE:MTARTECH-EQ
SWAN CORP LIMITED,NSE:SWANCORP-EQ
NIVA BUPA HEALTH INS CO L,NSE:NIVABUPA-EQ
SPECIALITY REST LTD,NSE:SPECIALITY-EQ
PRECOT LIMITED,NSE:PRECOT-EQ
BLACKBUCK LIMITED,NSE:BLACKBUCK-EQ
BTRFLY GANDHI APPL LTD,NSE:BUTTERFLY-EQ
CINELINE INDIA LIMITED,NSE:CINELINE-EQ
PRECISION WIRES INDIA LTD,NSE:PRECWIRE-EQ
RACL GEARTECH LIMITED,NSE:RACLGEAR-EQ
NTPC GREEN ENERGY LIMITED,NSE:NTPCGREEN-EQ
ENVIRO INFRA ENGINEERS L,NSE:EIEL-EQ
RATTANINDIA ENT LIMITED,NSE:RTNINDIA-EQ
SAMPANN UTPADAN INDIA LTD,NSE:SAMPANN-EQ
SURAKSHA DIAGNOSTIC LTD,NSE:SURAKSHA-EQ
ROSSELL TECHSYS LIMITED,NSE:ROSSTECH-EQ
PRISM JOHNSON LIMITED,NSE:PRSMJOHNSN-EQ
AUROBINDO PHARMA LTD,NSE:AUROPHARMA-EQ
GENERAL INS CORP OF INDIA,NSE:GICRE-EQ
AUTOMOTIVE AXLES LIMITED,NSE:AUTOAXLES-EQ
JUBILANT INGREVIA LIMITED,NSE:JUBLINGREA-EQ
SAI LIFE SCIENCES LIMITED,NSE:SAILIFE-EQ
EASY TRIP PLANNERS LTD,NSE:EASEMYTRIP-EQ
RSWM LIMITED,NSE:RSWM-EQ
VISHAL MEGA MART LIMITED,NSE:VMM-EQ
CHEMFAB ALKALIS LIMITED,NSE:CHEMFAB-EQ
ONE MOBIKWIK SYSTEMS LTD,NSE:MOBIKWIK-EQ
RAJSHREE SUGAR & CHEMICAL,NSE:RAJSREESUG-EQ
INVENTURUS KNOWLEDGE SO L,NSE:IKS-EQ
ARVEE LABORATORIES I LTD,NSE:ARVEE-EQ
RALLIS INDIA LTD,NSE:RALLIS-EQ
ANUPAM RASAYAN INDIA LTD,NSE:ANURAS-EQ
ANUH PHARMA LIMITED,NSE:ANUHPHR-EQ
RANA SUGARS LTD.,NSE:RANASUG-EQ
INTERNATIO GEMM INS (I) L,NSE:IGIL-EQ
LAXMI ORGANIC INDUS LTD,NSE:LXCHEM-EQ
RANE HOLDINGS LIMITED,NSE:RANEHOLDIN-EQ
CRAFTSMAN AUTOMATION LTD,NSE:CRAFTSMAN-EQ
RAYMOND LTD,NSE:RAYMOND-EQ
RASHTRIYA CHEMICALS & FER,NSE:RCF-EQ
DAM CAPITAL ADVISORS LTD,NSE:DAMCAPITAL-EQ
HI-TECH PIPES LIMITED,NSE:HITECH-EQ
MAMATA MACHINERY LIMITED,NSE:MAMATA-EQ
TRANSRAIL LIGHTING LTD,NSE:TRANSRAILL-EQ
CONCORD ENVIRO SYSTEMS L,NSE:CEWATER-EQ
SANATHAN TEXTILES LIMITED,NSE:SANATHAN-EQ
VENTIVE HOSPITALITY LTD,NSE:VENTIVE-EQ
RELIANCE INDUSTRIES LTD,NSE:RELIANCE-EQ
CARRARO INDIA LIMITED,NSE:CARRARO-EQ
SENORES PHARMACEUTICALS L,NSE:SENORES-EQ
KITEX GARMENTS LTD,NSE:KITEX-EQ
MAYUR UNIQUOTERS LTD,NSE:MAYURUNIQ-EQ
ROSSELL INDIA LIMITED,NSE:ROSSELLIND-EQ
DUCON INFRATECHNOLOGIES L,NSE:DUCON-EQ
UNIMECH AEROSPACE N MFG L,NSE:UNIMECH-EQ
MIRAEAMC - CONSUMER,NSE:CONSUMER-EQ
TVS HOLDINGS LIMITED,NSE:TVSHLTD-EQ
EDELAMC - ECAPINSURE,NSE:ECAPINSURE-EQ
INDO FARM EQUIPMENT LTD,NSE:INDOFARM-EQ
ZUARI AGRO CHEMICALS LTD,NSE:ZUARI-EQ
STANDARD GLASS LIN TECH L,NSE:SGLTL-EQ
QUADRANT FUTURE TEK LTD,NSE:QUADFUTURE-EQ
RICO AUTO INDUSTRIES LTD,NSE:RICOAUTO-EQ
DDEV PLASTIKS IND LTD,NSE:DDEVPLSTIK-EQ
CARE RATINGS LIMITED,NSE:CARERATING-EQ
RELIANCE INDUSTRIAL INFRA,NSE:RIIL-EQ
PC JEWELLER LTD,NSE:PCJEWELLER-EQ
INDUS TOWERS LIMITED,NSE:INDUSTOWER-EQ
LAXMI DENTAL LIMITED,NSE:LAXMIDENTL-EQ
STALLION IND FLUOROCHEM L,NSE:STALLION-EQ
ONESOURCE SPECL PHARMA L,NSE:ONESOURCE-EQ
ITC HOTELS LIMITED,NSE:ITCHOTELS-EQ
DENTA WATER N INFRA SOL L,NSE:DENTA-EQ
VMART RETAIL LTD,NSE:VMART-EQ
THE RUBY MILLS LTD,NSE:RUBYMILLS-EQ
SUPREME HOLDIN N HOSP I L,NSE:SUPREME-EQ
DR AGARWALS HEALTH CARE L,NSE:AGARWALEYE-EQ
MOSCHIP TECHNOLOGIES LTD,NSE:MOSCHIP-EQ
DSPAMC - NEXT30ADD,NSE:NEXT30ADD-EQ
PROTEAN EGOV TECHNO LTD,NSE:PROTEAN-EQ
MAGELLANIC CLOUD LIMITED,NSE:MCLOUD-EQ
NIBE LIMITED,NSE:NIBE-EQ
S&S POWER SWITCHGEARS LTD,NSE:S&SPOWER-EQ
GROWWAMC - GROWWRAIL,NSE:GROWWRAIL-EQ
KALYAN JEWELLERS IND LTD,NSE:KALYANKJIL-EQ
ICICI PRUD NIFTY ETF,NSE:NIFTYIETF-EQ
ADITYABIRLA - BSLIFQPIDG,NSE:BSLIFQPIDG-MF
NIP IND ETF NIFTY 100,NSE:NIF100BEES-EQ
REPCO HOME FINANCE LTD,NSE:REPCOHOME-EQ
AJAX ENGINEERING LIMITED,NSE:AJAXENGG-EQ
STEEL AUTHORITY OF INDIA,NSE:SAIL-EQ
HEXAWARE TECHNOLOGIES LTD,NSE:HEXT-EQ
INDEF MANUFACTURING LTD,NSE:BAJAJINDEF-EQ
UNIONAMC - UNIONGOLD,NSE:UNIONGOLD-EQ
SAKTHI SUGARS LTD,NSE:SAKHTISUG-EQ
SURYODAY SMALL FIN BK LTD,NSE:SURYODAY-EQ
QUALITY POWER ELEC EQUP L,NSE:QPOWER-EQ
ORIENT ELECTRIC LIMITED,NSE:ORIENTELEC-EQ
GUJARAT THEMIS BIOSYN LTD,NSE:GUJTHEM-EQ
HDFCAMC - HDAIF1BDDR,NSE:HDAIF1BDDR-MF
NRB INDUS. BEARINGS LTD.,NSE:NIBL-EQ
KOTAKMAMC - MSCIINDIA,NSE:MSCIINDIA-EQ
NAZARA TECHNOLOGIES LTD,NSE:NAZARA-EQ
GROWWAMC - GROWWN200,NSE:GROWWN200-EQ
VISAGAR POLYTEX LTD,NSE:VIVIDHA-EQ
SANDESH LTD,NSE:SANDESH-EQ
KOTAKMAMC - NIFTY100EW,NSE:NIFTY100EW-EQ
JUSTDIAL LTD.,NSE:JUSTDIAL-EQ
SANGHI INDUSTRIES LTD,NSE:SANGHIIND-EQ
AONEAMC - AONETOTAL,NSE:AONETOTAL-EQ
SUVIDHAA INFOSERVE LTD,NSE:SUVIDHAA-EQ
ICICIPRAMC - ICICI500,NSE:BSE500IETF-EQ
WONDERLA HOLIDAYS LTD.,NSE:WONDERLA-EQ
ATUL AUTO LIMITED,NSE:ATULAUTO-EQ
MOTILALAMC - MOCAPITAL,NSE:MOCAPITAL-EQ
ORIENT CEMENT LTD.,NSE:ORIENTCEM-EQ
KOHINOOR FOODS LIMITED,NSE:KOHINOOR-EQ
AXISAMC - AXISTECETF,NSE:AXISTECETF-EQ
360ONEAMC - GOLD360,NSE:GOLD360-EQ
ADITYA BIRLA FASHION & RT,NSE:ABFRL-EQ
MIRAEAMC - SELECTIPO,NSE:SELECTIPO-EQ
MIRAEAMC - EQUAL200,NSE:EQUAL200-EQ
SAMMAAN CAPITAL LIMITED,NSE:SAMMAANCAP-EQ
PRABHA ENERGY LIMITED,NSE:PRABHA-EQ
ICICIPRAMC - CASHIETF,NSE:CASHIETF-EQ
AXISAMC - AXISVALUE,NSE:AXISVALUE-EQ
SAURASHTRA CEMENT LIMITED,NSE:SAURASHCEM-EQ
SAVITA OIL TECHNOLO. LTD,NSE:SOTL-EQ
NIMF IF -AIF S-I IDR,NSE:NMFINAIDR1-MF
RELCAPAMC-NETFSDL26,NSE:SDL26BEES-EQ
JINDAL SAW LIMITED,NSE:JINDALSAW-EQ
BHARAT SEATS LIMITED,NSE:BHARATSE-EQ
ZERODHAAMC - SILVERCASE,NSE:SILVERCASE-EQ
SBIAMC - SBIBPB,NSE:SBIBPB-EQ
INTEGRA ESSENTIA LIMITED,NSE:ESSENTIA-EQ
ICICI PRUD NIFTY 100 ETF,NSE:NIF100IETF-EQ
UTIAMC - UTFDAIPIGI,NSE:UTFDAIPIGI-MF
UTIAMC - UTFDAIPIPI,NSE:UTFDAIPIPI-MF
STATE BANK OF INDIA,NSE:SBIN-EQ
SPECTRUM ELECTRIC IND LTD,NSE:SPECTRUM-EQ
KOTAKMAMC - MID150,NSE:MID150-EQ
AONEAMC - AONELIQUID,NSE:AONELIQUID-EQ
SHIPPING CORP OF INDIA LT,NSE:SCI-EQ
BAJAJ HOLDINGS & INVS LTD,NSE:BAJAJHLDNG-EQ
VEDANTA LIMITED,NSE:VEDL-EQ
SESHASAYEE PAPER & BOARDS,NSE:SESHAPAPER-EQ
SHANTHI GEARS LTD,NSE:SHANTIGEAR-EQ
BAJAJ HINDUSTHAN SUGAR LT,NSE:BAJAJHIND-EQ
PIL ITALICA LIFESTYLE LTD,NSE:PILITA-EQ
INDOSTAR CAPITAL FIN LTD,NSE:INDOSTAR-EQ
SHREE DIGVIJAY CEM CO LTD,NSE:SHREDIGCEM-EQ
THOMAS SCOTT (INDIA) LTD,NSE:THOMASCOTT-EQ
SHREE CEMENT LIMITED,NSE:SHREECEM-EQ
DB (INT) STOCK BROKERS,NSE:DBSTOCKBRO-EQ
COMPUCOM SOFTWARE LTD,NSE:COMPUSOFT-EQ
RHI MAGNESITA INDIA LTD,NSE:RHIM-EQ
MULTI COMMODITY EXCHANGE,NSE:MCX-EQ
TUBE INVEST OF INDIA LTD,NSE:TIINDIA-EQ
SCHNEIDER ELECTRIC INFRA,NSE:SCHNEIDER-EQ
NANDAN DENIM LIMITED,NSE:NDL-EQ
SHREYANS INDUSTRIES LTD,NSE:SHREYANIND-EQ
UNITED FOODBRANDS LIMITED,NSE:UFBL-EQ
TRANSWORLD SHIP LINES LTD,NSE:TRANSWORLD-EQ
HONDA I POWER PRODUCT LTD,NSE:HONDAPOWER-EQ
NBCC (INDIA) LIMITED,NSE:NBCC-EQ
LYPSA GEMS & JEWEL LTD,NSE:LYPSAGEMS-EQ
ORBIT EXPORTS LIMITED,NSE:ORBTEXP-EQ
BOROSIL RENEWABLES LTD,NSE:BORORENEW-EQ
SIEMENS LTD,NSE:SIEMENS-EQ
JIND POL INV & FIN CO LTD,NSE:JPOLYINVST-EQ
SBIAMC - SFMP42DD,NSE:SFMP42DD-MF
SBIAMC - SFMP42DR,NSE:SFMP42DR-MF
SIMPLEX INFRASTRUCTURES L,NSE:SIMPLEXINF-EQ
SBIAMC - SFMP42GD,NSE:SFMP42GD-MF
SBIAMC - SFMP42GR,NSE:SFMP42GR-MF
BAJAJ FINANCE LIMITED,NSE:BAJFINANCE-EQ
RELCAPAMC - NETFGILT5Y,NSE:GILT5YBEES-EQ
SREELEATHERS LIMITED,NSE:SREEL-EQ
LODHA DEVELOPERS LIMITED,NSE:LODHA-EQ
JTEKT INDIA LIMITED,NSE:JTEKTINDIA-EQ
ANGEL ONE LIMITED,NSE:ANGELONE-EQ
NITIRAJ ENGINEERS LTD,NSE:NITIRAJ-EQ
SPIC LTD,NSE:SPIC-EQ
SRF LTD,NSE:SRF-EQ
TEMBO GLOBAL IND LTD,NSE:TEMBO-EQ
STAR PAPER MILLS LTD,NSE:STARPAPER-EQ
DEEP INDUSTRIES LIMITED,NSE:DEEPINDS-EQ
MODISON LIMITED,NSE:MODISONLTD-EQ
SPML INFRA LIMITED,NSE:SPMLINFRA-EQ
SUBROS LIMITED,NSE:SUBROS-EQ
SUDARSHAN CHEMICAL INDS L,NSE:SUDARSCHEM-EQ
ISGEC HEAVY ENG LTD,NSE:ISGEC-EQ
SUNDARAM FINANCE LTD,NSE:SUNDARMFIN-EQ
SUNDRAM FASTENERS LTD,NSE:SUNDRMFAST-EQ
SUNFLAG IRON AND STEEL CO,NSE:SUNFLAG-EQ
BALKRISHNA IND. LTD,NSE:BALKRISIND-EQ
SUN PHARMACEUTICAL IND L,NSE:SUNPHARMA-EQ
SUPER SPINNING MILLS LTD,NSE:SUPERSPIN-EQ
SUPREME INDUSTRIES LTD,NSE:SUPREMEIND-EQ
SURYA ROSHNI LTD,NSE:SURYAROSNI-EQ
BALMER LAWRIE & CO LTD,NSE:BALMLAWRIE-EQ
SWARAJ ENGINES LTD,NSE:SWARAJENG-EQ
SML ISUZU LIMITED,NSE:SMLISUZU-EQ
AGARWAL INDS CORP LTD.,NSE:AGARIND-EQ
TAINWALA CHEMICAL AND PLA,NSE:TAINWALCHM-EQ
ADOR WELDING LTD,NSE:ADOR-EQ
AJOONI BIOTECH LIMITED,NSE:AJOONI-EQ
TATA CHEMICALS LTD,NSE:TATACHEM-EQ
BALRAMPUR CHINI MILLS LTD,NSE:BALRAMCHIN-EQ
TATA ELXSI LIMITED,NSE:TATAELXSI-EQ
HONEYWELL AUTOMATION IND,NSE:HONAUT-EQ
COMPUTER AGE MNGT SER LTD,NSE:CAMS-EQ
TATA POWER CO LTD,NSE:TATAPOWER-EQ
TATA CONSUMER PRODUCT LTD,NSE:TATACONSUM-EQ
BLACK BOX LIMITED,NSE:BBOX-EQ
TATA MOTORS LIMITED,NSE:TATAMOTORS-EQ
TOURISM FINANCE CORP. OF,NSE:TFCILTD-EQ
BANARAS BEADS LTD,NSE:BANARBEADS-EQ
THERMAX LTD,NSE:THERMAX-EQ
THOMAS COOK (INDIA) LTD,NSE:THOMASCOOK-EQ
CHAMAN LAL SETIA EXP LTD,NSE:CLSEL-EQ
TIL LTD,NSE:TIL-EQ
THIRUMALAI CHEMICALS LTD,NSE:TIRUMALCHM-EQ
TATA STEEL LIMITED,NSE:TATASTEEL-EQ
BANNARI AMMAN SUGARS LTD,NSE:BANARISUG-EQ
TITAN COMPANY LIMITED,NSE:TITAN-EQ
MIRAEAMC - MAFANG,NSE:MAFANG-EQ
TAMILNADU TELECOMMUNICATI,NSE:TNTELE-EQ
TORRENT PHARMACEUTICALS L,NSE:TORNTPHARM-EQ
AXISAMC - AXISBPSETF,NSE:AXISBPSETF-EQ
TTK PRESTIGE LTD,NSE:TTKPRESTIG-EQ
ADANI GREEN ENERGY LTD,NSE:ADANIGREEN-EQ
NIPPON L I A M LTD,NSE:NAM-INDIA-EQ
UCAL LIMITED,NSE:UCAL-EQ
UNICHEM LABORATORIES LTD,NSE:UNICHEMLAB-EQ
MOKSH ORNAMENTS LIMITED,NSE:MOKSH-EQ
RAJ OIL MILLS LIMITED,NSE:ROML-EQ
UNITECH LTD,NSE:UNITECH-EQ
UNIVERSAL CABLES LTD,NSE:UNIVCABLES-EQ
AXISAMC - AXISHCETF,NSE:AXISHCETF-EQ
ICICIPRAMC - ICICIPHARM,NSE:HEALTHIETF-EQ
JUBILANT PHARMOVA LTD,NSE:JUBLPHARMA-EQ
VARDHMAN POLYTEX LTD.,NSE:VARDMNPOLY-EQ
SOLARA ACTIVE PHA SCI LTD,NSE:SOLARA-EQ
VESUVIUS INDIA LTD,NSE:VESUVIUS-EQ
BASF INDIA LTD,NSE:BASF-EQ
VINDHYA TELELINKS LTD,NSE:VINDHYATEL-EQ
VIP INDUSTRIES LTD,NSE:VIPIND-EQ
BATA INDIA LTD,NSE:BATAINDIA-EQ
VLS FINANCE LTD,NSE:VLSFINANCE-EQ
VOLTAS LTD,NSE:VOLTAS-EQ
TATA COMMUNICATIONS LTD,NSE:TATACOMM-EQ
VST INDUSTRIES LTD,NSE:VSTIND-EQ
ANMOL INDIA LIMITED,NSE:ANMOL-EQ
WALCHANDNAGAR INDUSTRIES,NSE:WALCHANNAG-EQ
FINE ORGANIC IND. LTD.,NSE:FINEORG-EQ
WEIZMANN LTD,NSE:WEIZMANIND-EQ
VENKY S (INDIA) LIMITED,NSE:VENKEYS-EQ
RITES LIMITED,NSE:RITES-EQ
WHEELS INDIA LTD,NSE:WHEELS-EQ
WILLIAMSON MAGOR,NSE:WILLAMAGOR-EQ
WIPRO LTD,NSE:WIPRO-EQ
WEST COAST PAPER MILLS LT,NSE:WSTCSTPAPR-EQ
BOMBAY BURMAH TRADING COR,NSE:BBTC-EQ
VINEET LABORATORIES LTD,NSE:VINEETLAB-EQ
SINTERCOM INDIA LIMITED,NSE:SINTERCOM-EQ
ZEE ENTERTAINMENT ENT LTD,NSE:ZEEL-EQ
ARIHANT CAPITAL MKTS LTD,NSE:ARIHANTCAP-EQ
ZODIAC CLOTHING CO. LTD.,NSE:ZODIACLOTH-EQ
ZUARI INDUSTRIES LIMITED,NSE:ZUARIIND-EQ
BHARAT ELECTRONICS LTD,NSE:BEL-EQ
BHARAT RASAYAN LTD,NSE:BHARATRAS-EQ
TOKYO PLAST INTL LTD,NSE:TOKYOPLAST-EQ
MAHINDRA LOGISTIC LIMITED,NSE:MAHLOG-EQ
VARROC ENGINEERING LTD.,NSE:VARROC-EQ
SOMANY CERAMICS LIMITED,NSE:SOMANYCERA-EQ
HATSUN AGRO PRODUCT LTD.,NSE:HATSUN-EQ
CAPLIN POINT LAB LTD.,NSE:CAPLIPOINT-EQ
PREMIER POLYFILM LTD,NSE:PREMIERPOL-EQ
KHAITAN (INDIA)LTD.,NSE:KHAITANLTD-EQ
NATCO PHARMA LTD.,NSE:NATCOPHARM-EQ
GLOBE TEXTILES (I) LTD.,NSE:GLOBE-EQ
BEML LIMITED,NSE:BEML-EQ
GOCL CORPORATION LIMITED,NSE:GOCLCORP-EQ
REMSONS INDUSTRIES LTD,NSE:REMSONSIND-EQ
PARAS PETROFILS LTD.,NSE:PARASPETRO-EQ
TAMILNADU NEWSPRT & PAPER,NSE:TNPL-EQ
GREENPLY INDUSTRIES LTD,NSE:GREENPLY-EQ
THE NEW INDIA ASSU CO LTD,NSE:NIACL-EQ
21ST CENTURY MGMT SERVICE,NSE:21STCENMGM-EQ
AEGIS LOGISTICS LIMITED,NSE:AEGISLOG-EQ
CORAL INDIA FIN & HOUS LT,NSE:CORALFINAC-EQ
NAVA LIMITED,NSE:NAVA-EQ
AUSOM ENTERPRISE LIMITED,NSE:AUSOMENT-EQ
BERGER PAINTS (I) LTD,NSE:BERGEPAINT-EQ
EIMCO ELECON (INDIA) LTD,NSE:EIMCOELECO-EQ
JAYANT AGRO ORGANICS LTD,NSE:JAYAGROGN-EQ
PANACEA BIOTEC LTD,NSE:PANACEABIO-EQ
CUBEX TUBINGS LTD,NSE:CUBEXTUB-EQ
MARICO LIMITED,NSE:MARICO-EQ
SIL INVESTMENTS LIMITED,NSE:SILINV-EQ
HB STOCKHOLDINGS LIMITED,NSE:HBSL-EQ
SAMBHAAV MEDIA LTD,NSE:SAMBHAAV-EQ
REGENCY CERAMICS LTD.,NSE:REGENCERAM-EQ
BIOFIL CHEM & PHARMA LTD,NSE:BIOFILCHEM-EQ
KEYNOTE FIN SERV LTD.,NSE:KEYFINSERV-EQ
ZENITH EXPORTS LTD,NSE:ZENITHEXPO-EQ
SUNDARAM BRAK LININGS LTD,NSE:SUNDRMBRAK-EQ
SANGAM (INDIA) LTD,NSE:SANGAMIND-EQ
BHANSALI ENG. POLYMERS LT,NSE:BEPL-EQ
SAMVRDHNA MTHRSN INTL LTD,NSE:MOTHERSON-EQ
BHARAT FORGE LTD,NSE:BHARATFORG-EQ
VISAKA INDUSTRIES LIMITED,NSE:VISAKAIND-EQ
WENDT (INDIA) LIMITED,NSE:WENDT-EQ
HDFC AMC LIMITED,NSE:HDFCAMC-EQ
KHADIM INDIA LIMITED,NSE:KHADIM-EQ
DE NORA INDIA LIMITED,NSE:DENORA-EQ
STERLING TOOLS LIMITED,NSE:STERTOOLS-EQ
SHRIRAM FINANCE LIMITED,NSE:SHRIRAMFIN-EQ
PUNJAB CHEM & CROP PROT L,NSE:PUNJABCHEM-EQ
IFGL REFRACTORIES LIMITED,NSE:IFGLEXPOR-EQ
ICICI PRUD SENSEX ETF,NSE:SENSEXIETF-EQ
BHEL,NSE:BHEL-EQ
GULF OIL LUB. IND. LTD.,NSE:GULFOILLUB-EQ
MIRZA INTERNATIONAL LIMIT,NSE:MIRZAINT-EQ
JAGSONPAL PHARMACEUTICALS,NSE:JAGSNPHARM-EQ
CREDITACCESS GRAMEEN LTD,NSE:CREDITACC-EQ
INDIAN CARD CLOTHING CO.,NSE:INDIANCARD-EQ
5PAISA CAPITAL LIMITED,NSE:5PAISA-EQ
ELECTROTHERM (I) LTD.,NSE:ELECTHERM-EQ
AARTI DRUGS LTD.,NSE:AARTIDRUGS-EQ
ALKYL AMINES CHEM. LTD,NSE:ALKYLAMINE-EQ
JOHNSON CONTROLS HITACHI,NSE:JCHAC-EQ
MPHASIS LIMITED,NSE:MPHASIS-EQ
SIGNET INDUSTRIES LIMITED,NSE:SIGIND-EQ
DYNAMATIC TECHNOLOGIES,NSE:DYNAMATECH-EQ
ICICIPRAMC - ICICINXT50,NSE:NEXT50IETF-EQ
GUJARAT RAFFIA INDUST LTD,NSE:GUJRAFFIA-EQ
RUCHI INFRASTRUCTURE LTD,NSE:RUCHINFRA-EQ
ATLAS CYCLE (HARYANA) LTD,NSE:ATLASCYCLE-EQ
RAMCO INDUSTRIES LIMITED,NSE:RAMCOIND-EQ
KOTHARI PETROCHEM LTD,NSE:KOTHARIPET-EQ
HERITAGE FOODS LTD,NSE:HERITGFOOD-EQ
SHIVALIK BIMETAL CON. LTD,NSE:SBCL-EQ
BANK OF BARODA,NSE:BANKBARODA-EQ
HDFC LIFE INS CO LTD,NSE:HDFCLIFE-EQ
SONA BLW PRECISION FRGS L,NSE:SONACOMS-EQ
SHYAM METALICS AND ENGY L,NSE:SHYAMMETL-EQ
OSWAL GREENTECH LIMITED,NSE:OSWALGREEN-EQ
GAIL (INDIA) LTD,NSE:GAIL-EQ
3M INDIA LIMITED,NSE:3MINDIA-EQ
BANK OF INDIA,NSE:BANKINDIA-EQ
INDIA NIPPON ELECT  LTD,NSE:INDNIPPON-EQ
CONTAINER CORP OF IND LTD,NSE:CONCOR-EQ
INDRAPRASTHA MEDICAL CORP,NSE:INDRAMEDCO-EQ
BIRLA CABLE LIMITED,NSE:BIRLACABLE-EQ
TCI FINANCE LTD,NSE:TCIFINANCE-EQ
DCM FINANCIAL SERVICES LT,NSE:DCMFINSERV-EQ
HAPPIEST MINDS TECHNO LTD,NSE:HAPPSTMNDS-EQ
BIRLA CORPORATION LTD,NSE:BIRLACORPN-EQ
KCP SUGAR IND CORP LTD.,NSE:KCPSUGIND-EQ
DODLA DAIRY LIMITED,NSE:DODLA-EQ
ICICIPRAMC - ICICILIQ,NSE:LIQUIDIETF-EQ
SNOWMAN LOGISTICS LTD.,NSE:SNOWMAN-EQ
KRISHNA INST OF MED SCI L,NSE:KIMS-EQ
IND SWIFT LABORATORIES LT,NSE:INDSWFTLAB-EQ
ICE MAKE REFRIGERAT LTD,NSE:ICEMAKE-EQ
SAREGAMA INDIA LIMITED,NSE:SAREGAMA-EQ
FDC LIMITED,NSE:FDC-EQ
ENGINEERS INDIA LTD,NSE:ENGINERSIN-EQ
MADRAS FERTILISERS LTD,NSE:MADRASFERT-EQ
HINDCON CHEMICALS LIMITED,NSE:HINDCON-EQ
INDIA PESTICIDES LIMITED,NSE:IPL-EQ
BLUE DART EXPRESS LTD,NSE:BLUEDART-EQ
ADROIT INFOTECH LIMITED,NSE:ADROITINFO-EQ
GANGA FORGING LIMITED,NSE:GANGAFORGE-EQ
BIRLASLAMC - ABSLFTTIDG,NSE:ABSLFTTIDG-MF
ICICI BANK LTD.,NSE:ICICIBANK-EQ
BIRLASLAMC - ABSLFTTIDN,NSE:ABSLFTTIDN-MF
BIRLASLAMC - ABSLFTTIRG,NSE:ABSLFTTIRG-MF
BIRLASLAMC - ABSLFTTIRN,NSE:ABSLFTTIRN-MF
NIPPONAMC - NETFPHARMA,NSE:PHARMABEES-EQ
IRCON INTERNATIONAL LTD,NSE:IRCON-EQ
SHARDA CROPCHEM LTD.,NSE:SHARDACROP-EQ
SVP GLOBAL TEXTILES LTD,NSE:SVPGLOB-EQ
CLEAN SCIENCE & TECH LTD,NSE:CLEAN-EQ
G R INFRAPROJECTS LIMITED,NSE:GRINFRA-EQ
SHEMAROO ENTER. LTD.,NSE:SHEMAROO-EQ
MAZAGON DOCK SHIPBUIL LTD,NSE:MAZDOCK-EQ
ETERNAL LIMITED,NSE:ETERNAL-EQ
BIRLASLAMC - ABSLFTTJDG,NSE:ABSLFTTJDG-MF
BIRLASLAMC - ABSLFTTJDN,NSE:ABSLFTTJDN-MF
BIRLASLAMC - ABSLFTTJRG,NSE:ABSLFTTJRG-MF
BIRLASLAMC - ABSLFTTJRN,NSE:ABSLFTTJRN-MF
KPI GREEN ENERGY LIMITED,NSE:KPIGREEN-EQ
SYNERGY GREEN IND. LTD,NSE:SGIL-EQ
BOMBAY DYEING & MFG. CO L,NSE:BOMDYEING-EQ
CIGNITI TECHNOLOGIES LTD,NSE:CIGNITITEC-EQ
JAI CORP LIMITED,NSE:JAICORPLTD-EQ
TATVA CHIN PHARM CHEM LTD,NSE:TATVA-EQ
SBIAMC - SBIETFCON,NSE:SBIETFCON-EQ
STYLAM INDUSTRIES LIMITED,NSE:STYLAMIND-EQ
ANTARCTICA LTD,NSE:ANTGRAPHIC-EQ
GUJARAT MINERAL DEV CORP,NSE:GMDCLTD-EQ
ICICIPRAMC - BHARATIWIN,NSE:ICICIB22-EQ
MIRAEAMC - MAFSETF,NSE:BFSI-EQ
MAHA RASHTRA APEX COPR. L,NSE:MAHAPEXLTD-EQ
INDUSIND BANK LIMITED,NSE:INDUSINDBK-EQ
BHARAT PETROLEUM CORP  LT,NSE:BPCL-EQ
PDS LIMITED,NSE:PDSL-EQ
ALIVUS LIFE SCIENCES LTD,NSE:ALIVUS-EQ
UTI ASSET MNGMT CO LTD,NSE:UTIAMC-EQ
ROLEX RINGS LIMITED,NSE:ROLEXRINGS-EQ
PRITIKA AUTO INDUS LTD,NSE:PRITIKAUTO-EQ
BPL LTD,NSE:BPL-EQ
ICICIPRAMC - ICICIFMCG,NSE:FMCGIETF-EQ
UGRO CAPITAL LIMITED,NSE:UGROCAP-EQ
EXXARO TILES LIMITED,NSE:EXXARO-EQ
KRSNAA DIAGNOSTICS LTD,NSE:KRSNAA-EQ
WINDLAS BIOTECH LIMITED,NSE:WINDLAS-EQ
DEVYANI INTERNATIONAL LTD,NSE:DEVYANI-EQ
ASAHI INDIA GLASS LIMITED,NSE:ASAHIINDIA-EQ
EPIGRAL LIMITED,NSE:EPIGRAL-EQ
AAVAS FINANCIERS LIMITED,NSE:AAVAS-EQ
MEGHMANI ORGANICS LIMITED,NSE:MOL-EQ
NAKODA GROUP OF IND. LTD,NSE:NGIL-EQ
CARTRADE TECH LIMITED,NSE:CARTRADE-EQ
NUVOCO VISTAS CORP LTD,NSE:NUVOCO-EQ
APTUS VALUE HSG FIN I LTD,NSE:APTUS-EQ
CHEMPLAST SANMAR LIMITED,NSE:CHEMPLASTS-EQ
BRITANNIA INDUSTRIES LTD,NSE:BRITANNIA-EQ
GARDEN REACH SHIP&ENG LTD,NSE:GRSE-EQ
SBIAMC - SFMP49DD,NSE:SFMP49DD-MF
SBIAMC - SFMP49DR,NSE:SFMP49DR-MF
SBIAMC - SFMP49GD,NSE:SFMP49GD-MF
SBIAMC - SFMP49GR,NSE:SFMP49GR-MF
YUKEN INDIA LIMITED,NSE:YUKEN-EQ
SERVOTECH REN POW SYS LTD,NSE:SERVOTECH-EQ
NANDANI CREATION LIMITED,NSE:JAIPURKURT-EQ
KOTHARI PRODUCTS LTD,NSE:KOTHARIPRO-EQ
ACUTAAS CHEMICALS LIMITED,NSE:ACUTAAS-EQ
VIJAYA DIAGNOSTIC CEN LTD,NSE:VIJAYA-EQ
BSL LTD,NSE:BSL-EQ
SBIAMC - SFMP50DD,NSE:SFMP50DD-MF
SBIAMC - SFMP50DR,NSE:SFMP50DR-MF
SBIAMC - SFMP50GD,NSE:SFMP50GD-MF
SBIAMC - SFMP50GR,NSE:SFMP50GR-MF
INTL CONVEYORS LIMITED,NSE:INTLCONV-EQ
ASTRAZENECA PHARMA IND LT,NSE:ASTRAZEN-EQ
GANESH BENZOPLAST LIMITED,NSE:GANESHBE-EQ
CEMINDIA PROJECTS LIMITED,NSE:CEMPRO-EQ
J & K BANK LTD.,NSE:J&KBANK-EQ
SHANTI OVERSEAS INDIA LTD,NSE:SHANTI-EQ
ARCHIES LTD,NSE:ARCHIES-EQ
CITY UNION BANK LTD,NSE:CUB-EQ
AXISAMC - AXISCETF,NSE:AXISCETF-EQ
CYIENT LIMITED,NSE:CYIENT-EQ
SANSERA ENGINEERING LTD,NSE:SANSERA-EQ
LIKHITHA INFRASTRUC LTD,NSE:LIKHITHA-EQ
MIRAEAMC - MASPTOP50,NSE:MASPTOP50-EQ
CAN FIN HOMES LTD,NSE:CANFINHOME-EQ
KOTAKMAMC-KOTAKBKETF,NSE:BANKNIFTY1-EQ
LAGNAM SPINTEX LIMITED,NSE:LAGNAM-EQ
AXIS BANK LIMITED,NSE:AXISBANK-EQ
PARAS DEF AND SPCE TECH L,NSE:PARAS-EQ
GRAPHITE INDIA LTD,NSE:GRAPHITE-EQ
INTELLECT DESIGN ARENA,NSE:INTELLECT-EQ
MONTE CARLO FASHIONS LTD.,NSE:MONTECARLO-EQ
THE SOUTH INDIAN BANK LTD,NSE:SOUTHBANK-EQ
CARBORUNDUM UNIVERSAL LTD,NSE:CARBORUNIV-EQ
BIRLASLAMC - BSLSENETFG,NSE:BSLSENETFG-EQ
COASTAL CORPORATION LTD,NSE:COASTCORP-EQ
ADIT BIRL SUN LIF AMC LTD,NSE:ABSLAMC-EQ
EURO (I) FRESH FOODS LTD,NSE:EIFFL-EQ
PASUPATI ACRYLON LIMITED,NSE:PASUPTAC-EQ
LICNAMC - LICNMFET,NSE:LICNETFGSC-EQ
ADANI TOTAL GAS LIMITED,NSE:ATGL-EQ
AIRO LAM LIMITED,NSE:AIROLAM-EQ
GOODLUCK INDIA LIMITED,NSE:GOODLUCK-EQ
PANSARI DEVELOPERS LTD,NSE:PANSARI-EQ
ART NIRMAN LIMITED,NSE:ARTNIRMAN-EQ
BHAGIRADHA CHEM & INDS L,NSE:BHAGCHEM-EQ
CENTURY ENKA LTD,NSE:CENTENKA-EQ
FINEOTEX CHEMICAL LIMITED,NSE:FCL-EQ
CAMLIN FINE SCIENCES LTD,NSE:CAMLINFINE-EQ
SIKKO INDUSTRIES LIMITED,NSE:SIKKO-EQ
DHUNSERI TEA & IND. LTD.,NSE:DTIL-EQ
3I INFOTECH LIMITED,NSE:3IINFOLTD-EQ
ADITYA BIRLA REAL EST LTD,NSE:ABREL-EQ
SEL MANUFACTURING CO LTD,NSE:SELMC-EQ
MEDICAMEN BIOTECH LIMITED,NSE:MEDICAMEQ-EQ
CESC LTD,NSE:CESC-EQ
GULSHAN POLYOLS LIMITED,NSE:GULPOLY-EQ
BIRLASLAMC - HEALTHY,NSE:HEALTHY-EQ
APOLLO SINDOORI HOTEL LTD,NSE:APOLSINHOT-EQ
IGARASHI MOTORS INDIA LTD,NSE:IGARASHI-EQ
MIRAEAMC - MAN50ETF,NSE:NIFTYETF-EQ
NATIONAL ALUMINIUM CO LTD,NSE:NATIONALUM-EQ
CHAMBAL FERTILIZERS LTD,NSE:CHAMBLFERT-EQ
COUNTRY CLUB HOSP HOL LTD,NSE:CCHHL-EQ
LAMBODHARA TEXTILES LTD.,NSE:LAMBODHARA-EQ
DILIGENT MEDIA CORP LTD.,NSE:DNAMEDIA-EQ
KRITI INDUSTRIES IND LTD,NSE:KRITI-EQ
MANGALAM ORGANICS LIMITED,NSE:MANORG-EQ
R. S. SOFTWARE (INDIA) LI,NSE:RSSOFTWARE-EQ
TECHNO ELEC & ENG CO. LTD,NSE:TECHNOE-EQ
ICICIPRAMC - ICICICONSU,NSE:CONSUMIETF-EQ
BIRLASLAMC - TECH,NSE:TECH-EQ
IRIS BUSINESS SERV LTD,NSE:IRIS-EQ
GRP LIMITED,NSE:GRPLTD-EQ
FSN E COMMERCE VENTURES,NSE:NYKAA-EQ
LAXMI COTSPIN LIMITED,NSE:LAXMICOT-EQ
FINO PAYMENTS BANK LTD,NSE:FINOPB-EQ
SONATA SOFTWARE LTD,NSE:SONATSOFTW-EQ
GENUS P&B LIMITED,NSE:GENUSPAPER-EQ
DSPAMC - DSPNEWETF,NSE:EQUAL50ADD-EQ
SJS ENTERPRISES LIMITED,NSE:SJS-EQ
PB FINTECH LIMITED,NSE:POLICYBZR-EQ
SIGACHI INDUSTRIES LTD,NSE:SIGACHI-EQ
FOODS & INNS LIMITED,NSE:FOODSIN-EQ
ONE 97 COMMUNICATIONS LTD,NSE:PAYTM-EQ
IL&FS INVESTMENT MANAGERS,NSE:IVC-EQ
MOLD-TEK PACKAGING LTD,NSE:MOLDTKPAC-EQ
SAPPHIRE FOODS INDIA LTD,NSE:SAPPHIRE-EQ
JINDAL STEEL LIMITED,NSE:JINDALSTEL-EQ
EXIDE INDUSTRIES LTD,NSE:EXIDEIND-EQ
INDO-NATIONAL LIMITED,NSE:NIPPOBATRY-EQ
SBC EXPORTS LIMITED,NSE:SBC-EQ
STEELCAST LIMITED,NSE:STEELCAS-EQ
LATENT VIEW ANALYTICS LTD,NSE:LATENTVIEW-EQ
FOCUS LIGHTG & FIXTRS LTD,NSE:FOCUS-EQ
SARTHAK METALS LIMITED,NSE:SMLT-EQ
GREENLAM INDUSTRIES LTD.,NSE:GREENLAM-EQ
CHOLAMANDALAM IN & FIN CO,NSE:CHOLAFIN-EQ
DHRUV CONSULTANCY SER LTD,NSE:DHRUV-EQ
BAJAJ HEALTHCARE LIMITED,NSE:BAJAJHCARE-EQ
VISHNU CHEMICALS LIMITED,NSE:VISHNU-EQ
RAJSHREE POLYPACK LTD,NSE:RPPL-EQ
CIPLA LTD,NSE:CIPLA-EQ
TARSONS PRODUCTS LIMITED,NSE:TARSONS-EQ
GANESHA ECOSPHERE LIMITED,NSE:GANECOS-EQ
LINC LIMITED,NSE:LINC-EQ
MENON BEARINGS LIMITED,NSE:MENONBE-EQ
GO FASHION INDIA LTD,NSE:GOCOLORS-EQ
DMCC SPECIALITY CHEMICALS,NSE:DMCC-EQ
BIRLASOFT LIMITED,NSE:BSOFT-EQ
AARTI INDUSTRIES LTD,NSE:AARTIIND-EQ
HEMISPHERE PROP IND LTD,NSE:HEMIPROP-EQ
SHIVALIK RASAYAN LIMITED,NSE:SHIVALIK-EQ
DIC INDIA LIMITED,NSE:DICIND-EQ
ASIAN ENERGY SERVICES LTD,NSE:ASIANENE-EQ
HESTER BIOSCIENCES LTD,NSE:HESTERBIO-EQ
ACCELYA SOLN INDIA LTD,NSE:ACCELYA-EQ
MIRAEAMC - MAHKTECH,NSE:MAHKTECH-EQ
SHRADHA INFRAPROJECTS LTD,NSE:SHRADHA-EQ
STAR HEALTH & AL INS CO L,NSE:STARHEALTH-EQ
SEJAL GLASS LIMITED,NSE:SEJALLTD-EQ
TEGA INDUSTRIES LIMITED,NSE:TEGA-EQ
JULLUNDUR MOT AGENCY LTD,NSE:JMA-EQ
ZODIAC ENERGY LIMITED,NSE:ZODIAC-EQ
SHALBY LIMITED,NSE:SHALBY-EQ
ANAND RATHI WEALTH LTD,NSE:ANANDRATHI-EQ
HEUBACH COLORANTS IND LTD,NSE:HEUBACHIND-EQ
MIC ELECTRONICS LTD,NSE:MICEL-EQ
RATEGAIN TRAVEL TECHN LTD,NSE:RATEGAIN-EQ
EDELAMC - BBETF0432,NSE:BBETF0432-EQ
SHRIRAM PROPERTIES LTD,NSE:SHRIRAMPPS-EQ
JET FREIGHT LOGISTICS LTD,NSE:JETFREIGHT-EQ
SBIAMC - SBIETFQLTY,NSE:SBIETFQLTY-EQ
SBIAMC - SBIETFPB,NSE:SBIETFPB-EQ
C.E. INFO SYSTEMS LIMITED,NSE:MAPMYINDIA-EQ
HCL TECHNOLOGIES LTD,NSE:HCLTECH-EQ
METRO BRANDS LIMITED,NSE:METROBRAND-EQ
MEDPLUS HEALTH SERV LTD,NSE:MEDPLUS-EQ
JTL INDUSTRIES LIMITED,NSE:JTLIND-EQ
DCM SHRIRAM IND LTD,NSE:DCMSRIND-EQ
BIRLASLAMC - ABSLNN50ET,NSE:ABSLNN50ET-EQ
SBI-ETF NIFTY NEXT 50,NSE:SETFNN50-EQ
DATA PATTERNS INDIA LTD,NSE:DATAPATTNS-EQ
SBI-ETF NIFTY BANK,NSE:SETFNIFBK-EQ
STRIDES PHARMA SCI LTD,NSE:STAR-EQ
HP ADHESIVES LIMITED,NSE:HPAL-EQ
COROMANDEL INTERNTL. LTD,NSE:COROMANDEL-EQ
SUPRIYA LIFESCIENCE LTD,NSE:SUPRIYA-EQ
SBIAMC - SBIETFIT,NSE:SBIETFIT-EQ
RAJESH EXPORTS LTD,NSE:RAJESHEXPO-EQ
GLENMARK PHARMACEUTICALS,NSE:GLENMARK-EQ
KOTAKMAMC - KOTAKALPHA,NSE:ALPHA-EQ
MAN COAT METAL & IND LTD,NSE:MANAKCOAT-EQ
COSMO FIRST LIMITED,NSE:COSMOFIRST-EQ
MOTILALAMC - MONQ50,NSE:MONQ50-EQ
HEC INFRA PROJECTS LTD,NSE:HECPROJECT-EQ
DSPAMC - DSPN50ETF,NSE:NIFTY50ADD-EQ
DSPAMC - DSPQ50ETF,NSE:MIDQ50ADD-EQ
SRI HAVISHA HOSP & INFR L,NSE:HAVISHA-EQ
MANAKSIA STEELS LTD,NSE:MANAKSTEEL-EQ
WOCKHARDT LIMITED,NSE:WOCKPHARMA-EQ
ZEN TECHNOLOGIES LIMITED,NSE:ZENTEC-EQ
TREJHARA SOLUTIONS LTD,NSE:TREJHARA-EQ
LCC INFOTECH LTD,NSE:LCCINFOTEC-EQ
NRB BEARING LIMITED,NSE:NRBBEARING-EQ
ICICIPRAMC - EVIETF,NSE:EVIETF-EQ
CAPITAL INDIA FINANCE LTD,NSE:CIFL-EQ
TINNA RUBBER AND INFR LTD,NSE:TINNARUBR-EQ
WAAREE RENEWABLE TECH LTD,NSE:WAAREERTL-EQ
GROWWAMC - GROWWMOM50,NSE:GROWWMOM50-EQ
360ONEAMC - SILVER360,NSE:SILVER360-EQ
NETWORK PEOPLE SRV TECH L,NSE:NPST-EQ
KRISHIVAL FOODS LIMITED,NSE:KRISHIVAL-EQ
OSWAL PUMPS LIMITED,NSE:OSWALPUMPS-EQ
GROWWAMC - GROWWSLVR,NSE:GROWWSLVR-EQ
ADITYA BIRLA LIFES BRAN L,NSE:ABLBL-EQ
SIEMENS ENERGY INDIA LTD,NSE:ENRIN-EQ
MOTILALAMC - MON50EQUAL,NSE:MON50EQUAL-EQ
PRIMO CHEMICALS LIMITED,NSE:PRIMO-EQ
CRISIL LTD,NSE:CRISIL-EQ
LEELA PALACES HOTEL LTD,NSE:THELEELA-EQ
MOTILALAMC - MOINFRA,NSE:MOINFRA-EQ
RAJOO ENGINEERS LIMITED,NSE:RAJOOENG-EQ
AONEAMC - AONENIFTY,NSE:AONENIFTY-EQ
MOTILALAMC - MOMGF,NSE:MOMGF-EQ
BELRISE INDUSTRIES LTD,NSE:BELRISE-EQ
MIRAEAMC - EQUAL50,NSE:EQUAL50-EQ
MOTILALAMC - MONEXT50,NSE:MONEXT50-EQ
AEGIS VOPAK TERMINALS LTD,NSE:AEGISVOPAK-EQ
MOTILALAMC - MOPSE,NSE:MOPSE-EQ
MOTILALAMC - MOTOUR,NSE:MOTOUR-EQ
NIPPONAMC - SNXT30BEES,NSE:SNXT30BEES-EQ
SCODA TUBES LIMITED,NSE:SCODATUBES-EQ
DIGITIDE SOLUTIONS LTD,NSE:DIGITIDE-EQ
BLUSPRING ENTERPRISES LTD,NSE:BLUSPRING-EQ
TRAVEL FOOD SERVICES LTD,NSE:TRAVELFOOD-EQ
ARISINFRA SOLUTIONS LTD,NSE:ARISINFRA-EQ
ATHER ENERGY LIMITED,NSE:ATHERENERG-EQ
FISCHER MEDICAL VENTURE L,NSE:FISCHER-EQ
MOTILALAMC - MOALPHA50,NSE:MOALPHA50-EQ
NIPPONAMC - LIQGRWBEES,NSE:LIQGRWBEES-EQ
PICCADILY AGRO INDUSTRI L,NSE:PICCADIL-EQ
SAMBHV STEEL TUBES LTD,NSE:SAMBHV-EQ
HDB FINANCIAL SERVICES L,NSE:HDBFS-EQ
ICICIPRAMC - TOP15IETF,NSE:TOP15IETF-EQ
MOTILALAMC - MOGOLD,NSE:MOGOLD-EQ
BRIGADE HOTEL VENTURE LTD,NSE:BRIGHOTEL-EQ
INDOGULF CROPSCIENCES LTD,NSE:IGCL-EQ
GROWWAMC - GROWWNET,NSE:GROWWNET-EQ
MOTILALAMC - MOMIDMTM,NSE:MOMIDMTM-EQ
R M DRIP & SPRINK SYS LTD,NSE:RMDRIP-EQ
INDIQUBE SPACES LIMITED,NSE:INDIQUBE-EQ
CRIZAC LIMITED,NSE:CRIZAC-EQ
GNG ELECTRONICS LIMITED,NSE:EBGNG-EQ
ANTHEM BIOSCIENCES LTD,NSE:ANTHEM-EQ
BORANA WEAVES LIMITED,NSE:BORANA-EQ
BELLA CASA FASH AND RET L,NSE:BELLACASA-EQ
KOTAKMAMC - QUALITY30,NSE:QUALITY30-EQ
EURO PANEL PRODUCTS LTD,NSE:EUROBOND-EQ
PASHUPATI COTSPIN LIMITED,NSE:PASHUPATI-EQ
SMARTWORKS COWORKING SP L,NSE:SMARTWORKS-EQ
CHEMBOND CHEMICAL LIMITED,NSE:CHEMBONDCH-EQ
SHANTI GOLD INTERNATION L,NSE:SHANTIGOLD-EQ
JEENA SIKHO LIFECARE LTD,NSE:JSLL-EQ
SRI LOTUS DEVLPRS N RTY L,NSE:LOTUSDEV-EQ
M AND B ENGINEERING LTD,NSE:MBEL-EQ
GROWWAMC - GROWWPOWER,NSE:GROWWPOWER-EQ
PROSTARM INFO SYSTEMS LTD,NSE:PROSTARM-EQ
GROWWAMC - GROWWLOVOL,NSE:GROWWLOVOL-EQ
ALL TIME PLASTICS LIMITED,NSE:ALLTIME-EQ
MOTILALAMC - MOSILVER,NSE:MOSILVER-EQ
JSW CEMENT LIMITED,NSE:JSWCEMENT-EQ
SBIAMC - SBILIQETF,NSE:SBILIQETF-EQ
RAYMOND REALTY LIMITED,NSE:RAYMONDREL-EQ
KALPATARU LIMITED,NSE:KALPATARU-EQ
ELLENBARRIE INDUS GASES L,NSE:ELLEN-EQ
GLOBE CIVIL PROJECTS LTD,NSE:GLOBECIVIL-EQ
MIRAEAMC - INTERNET,NSE:INTERNET-EQ
NIPPONAMC - MANUFGBEES,NSE:MANUFGBEES-EQ
EFC (I) LIMITED,NSE:EFCIL-EQ
REGAAL RESOURCES LIMITED,NSE:REGAAL-EQ
GROWWAMC - GROWWNIFTY,NSE:GROWWNIFTY-EQ
ZERODHAAMC - LTGILTCASE,NSE:LTGILTCASE-EQ
MANGAL ELECTRICAL IND L,NSE:MEIL-EQ
SG FINSERVE LIMITED,NSE:SGFIN-EQ
ADITYA INFOTECH LIMITED,NSE:CPPLUS-EQ
LAXMI INDIA FINANCE LTD,NSE:LAXMIINDIA-EQ
SG MART LIMITED,NSE:SGMART-EQ
AONEAMC - AONEGOLD,NSE:AONEGOLD-EQ
AMANTA HEALTHCARE LIMITED,NSE:AMANTA-EQ
CAREER POINT EDUTECH LTD,NSE:CPEDU-EQ
EDELAMC - ELM250,NSE:ELM250-EQ
ZERODHAAMC - SML100CASE,NSE:SML100CASE-EQ
STL NETWORKS LIMITED,NSE:STLNETWORK-EQ
VIKRAN ENGINEERING LTD,NSE:VIKRAN-EQ
R&B DENIMS LIMITED,NSE:RNBDENIMS-EQ
GRETEX CORPORATE SERVICES,NSE:GCSL-EQ
ATLANTA ELECTRICALS LTD,NSE:ATLANTAELE-EQ
GANESH CONSUMER PRODUCT L,NSE:GANESHCP-EQ
IVALUE INFOSOLUTIONS LTD,NSE:IVALUE-EQ
GK ENERGY LIMITED,NSE:GKENERGY-EQ
SAATVIK GREEN ENERGY LTD,NSE:SAATVIKGL-EQ
RHETAN TMT LIMITED,NSE:RHETAN-EQ
DEV ACCELERATOR LIMITED,NSE:DEVX-EQ
URBAN COMPANY LIMITED,NSE:URBANCO-EQ
SHRINGAR HOU OF MANGALS L,NSE:SHRINGARMS-EQ
HIGHWAY INFRASTRUCTURE L,NSE:HILINFRA-EQ
A B COTSPIN INDIA LIMITED,NSE:ABCOTS-EQ
VMS TMT LIMITED,NSE:VMSTMT-EQ
MANGALAM WORLDWIDE LTD,NSE:MWL-EQ
TIGER LOGISTICS (INDIA) L,NSE:TIGERLOGS-EQ
JINKUSHAL INDUSTRIES LTD,NSE:JKIPL-EQ
TRUALT BIOENERGY LIMITED,NSE:TRUALT-EQ
FINKURVE FINANCIAL SERV L,NSE:FINKURVE-EQ
JAIN RESOURCE RECYCLING L,NSE:JAINREC-EQ
EPACK PREFAB TECHN LTD,NSE:EPACKPEB-EQ
BMW VENTURES LIMITED,NSE:BMWVENTLTD-EQ
TATA CAPITAL LIMITED,NSE:TATACAP-EQ
BLUESTONE JEWEL LFSTL LTD,NSE:BLUESTONE-EQ
ZERODHAAMC - NIFTYCASE,NSE:NIFTYCASE-EQ
CANARA ROBECO AMC LIMITED,NSE:CRAMC-EQ
RUBICON RESEARCH LIMITED,NSE:RUBICON-EQ
PACE DIGITEK LIMITED,NSE:PACEDIGITK-EQ
SYSTEMATIX CORP SERVICE L,NSE:SYSTMTXC-EQ
DSPAMC - FLEXIADD,NSE:FLEXIADD-EQ
MOTILALAMC - MONIFTY100,NSE:MONIFTY100-EQ
MOTILALAMC - MOENERGY,NSE:MOENERGY-EQ
MONEYBOXX FINANCE LIMITED,NSE:MONEYBOXX-EQ
SOLEX ENERGY LIMITED,NSE:SOLEX-EQ
GROWWAMC - GROWWRLTY,NSE:GROWWRLTY-EQ
WEWORK INDIA MANAGEMENT L,NSE:WEWORK-EQ
PATEL RETAIL LIMITED,NSE:PATELRMART-EQ
SHREEJI SHIPPING GLOBAL L,NSE:SHREEJISPG-EQ
VIKRAM SOLAR LIMITED,NSE:VIKRAMSOLR-EQ
GROWWAMC - GROWWNXT50,NSE:GROWWNXT50-EQ
GEM AROMATICS LIMITED,NSE:GEMAROMA-EQ
EDELAMC - ELIQUID,NSE:ELIQUID-EQ
CANARA HSBC LIFE INS CO L,NSE:CANHLIFE-EQ
KOTAKMAMC - MOMENTUM30,NSE:MOMENTUM30-EQ
EURO PRATIK SALES LIMITED,NSE:EUROPRATIK-EQ
SOLARWORLD ENERGY SOL LTD,NSE:SOLARWORLD-EQ
SESHAASAI TECHNOLOGIES L,NSE:STYL-EQ
JARO INS OF TEC MG N RE L,NSE:JARO-EQ
ANAND RATHI SH N STK BR L,NSE:ARSSBL-EQ
CG POWER AND IND SOL LTD,NSE:CGPOWER-EQ
GLOTTIS LIMITED,NSE:GLOTTIS-EQ
MARKOLINES PAVEMENT TEC L,NSE:MARKOLINES-EQ
LG ELECTRONICS INDIA LTD,NSE:LGEINDIA-EQ
CMS INFO SYSTEMS LIMITED,NSE:CMSINFO-EQ
IMAGICAAWORLD ENT LTD,NSE:IMAGICAA-EQ
MONARCH NETWORTH CAP LTD,NSE:MONARCH-EQ
DABUR INDIA LTD,NSE:DABUR-EQ
DSJ KEEP LEARNING LTD,NSE:KEEPLEARN-EQ
UNIINFO TELECOM SERVI LTD,NSE:UNIINFO-EQ
DALMIA BHARAT SUG IN LTD,NSE:DALMIASUG-EQ
WONDER ELECTRICALS LTD,NSE:WEL-EQ
TATAAML - NETF,NSE:NETF-EQ
ICICIPRAMC - ICICIAUTO,NSE:AUTOIETF-EQ
BHARTIYA INTERNATIONAL,NSE:BIL-EQ
RAMCO SYSTEMS LTD.,NSE:RAMCOSYS-EQ
INOX WIND LIMITED,NSE:INOXWIND-EQ
GE POWER INDIA LIMITED,NSE:GVPIL-EQ
NIPPONAMC - NETFAUTO,NSE:AUTOBEES-EQ
MAHALAXMI RUBTECH LIMITED,NSE:MHLXMIRU-EQ
ALEMBIC LIMITED,NSE:ALEMBICLTD-EQ
LAKSHMI FIN IND CORP LTD,NSE:LFIC-EQ
THE BYKE HOSPITALITY LTD,NSE:BYKE-EQ
ZYDUS LIFESCIENCES LTD,NSE:ZYDUSLIFE-EQ
AVANTI FEEDS LIMITED,NSE:AVANTIFEED-EQ
ICICIPRAMC - ICICISILVE,NSE:SILVERIETF-EQ
MALLCOM (INDIA) LIMITED,NSE:MALLCOM-EQ
MIRAEAMC - MAMFGETF,NSE:MAKEINDIA-EQ
GARWARE HI-TECH FILMS LTD,NSE:GRWRHITECH-EQ
BIRLASLAMC - SILVER,NSE:SILVER-EQ
CINEVISTA LIMITED,NSE:CINEVISTA-EQ
SHIVA TEXYARN LIMITED,NSE:SHIVATEX-EQ
DCM LTD,NSE:DCM-EQ
MAHINDRA LIFESPACE DEVLTD,NSE:MAHLIFE-EQ
KARNATAKA BANK LIMITED,NSE:KTKBANK-EQ
DALMIA BHARAT LIMITED,NSE:DALBHARAT-EQ
KOTAKMAMC - KOTAKMID50,NSE:MIDCAP-EQ
NIPPONAMC - NETFSILVER,NSE:SILVERBEES-EQ
CROWN LIFTERS LIMITED,NSE:CROWN-EQ
BOMBAY SUPER HYBRID SEEDS,NSE:BSHSL-EQ
DCM SHRIRAM LIMITED,NSE:DCMSHRIRAM-EQ
AWL AGRI BUSINESS LIMITED,NSE:AWL-EQ
RPSG VENTURES LIMITED,NSE:RPSGVENT-EQ
AJANTA PHARMA LIMITED,NSE:AJANTPHARM-EQ
BLB LIMITED,NSE:BLBLIMITED-EQ
DEV INFO TECHNOLOGY LTD,NSE:DEVIT-EQ
MEGASTAR FOODS LIMITED,NSE:MEGASTAR-EQ
FIBERWEB INDIA LIMITED,NSE:FIBERWEB-EQ
SPENCER S RETAIL LIMITED,NSE:SPENCERS-EQ
VEDANT FASHIONS LIMITED,NSE:MANYAVAR-EQ
DCW LTD,NSE:DCW-EQ
SAGARDEEP ALLOYS LIMITED,NSE:SAGARDEEP-EQ
MOTILALAMC - MOMOMENTUM,NSE:MOMOMENTUM-EQ
BANKA BIOLOO LIMITED,NSE:BANKA-EQ
SOFTTECH ENGINEERS LTD,NSE:SOFTTECH-EQ
DEEPAK FERTILIZERS & PETR,NSE:DEEPAKFERT-EQ
PRITI INTERNATIONAL LTD,NSE:PRITI-EQ
BLUE STAR LIMITED,NSE:BLUESTARCO-EQ
CALIFORNIA SOFTWARE CO LT,NSE:CALSOFT-EQ
ICICIPRAMC - ICICI5GSEC,NSE:GSEC5IETF-EQ
MIRAEAMC - MAM150ETF,NSE:MIDCAPETF-EQ
VIPUL LIMITED,NSE:VIPULLTD-EQ
HDFCAMC - H1861D46DD,NSE:H1861D46DD-MF
HDFCAMC - H1861D46DG,NSE:H1861D46DG-MF
HDFCAMC - H1861D46DQ,NSE:H1861D46DQ-MF
HDFCAMC - H1861D46RD,NSE:H1861D46RD-MF
HDFCAMC - H1861D46RG,NSE:H1861D46RG-MF
HDFCAMC - H1861D46RQ,NSE:H1861D46RQ-MF
MITCON CON & ENG SER LTD,NSE:MITCON-EQ
XELPMOC DESIGN & TECH LTD,NSE:XELPMOC-EQ
TVS MOTOR COMPANY  LTD,NSE:TVSMOTOR-EQ
NIP IND ETF MIDCAP 150,NSE:MID150BEES-EQ
GATEWAY DISTRIPARKS LTD,NSE:GATEWAY-EQ
GMR POW AND URBAN INFRA L,NSE:GMRP&UI-EQ
CHALET HOTELS LIMITED,NSE:CHALET-EQ
DHAMPUR SUGAR MILLS LTD.,NSE:DHAMPURSUG-EQ
NLC INDIA LIMITED,NSE:NLCINDIA-EQ
AKSH OPTIFIBRE LIMITED,NSE:AKSHOPTFBR-EQ
MOTHERSON SUMI WRNG IND L,NSE:MSUMI-EQ
KOTAKMAMC - KOTAKLOVOL,NSE:LOWVOL1-EQ
SBIAMC - SFMP61DD,NSE:SFMP61DD-MF
SBIAMC - SFMP61DR,NSE:SFMP61DR-MF
SBIAMC - SFMP61GD,NSE:SFMP61GD-MF
SBIAMC - SFMP61GR,NSE:SFMP61GR-MF
VETO SWITCHGEAR CABLE LTD,NSE:VETO-EQ
MOTILALAMC - MOLOWVOL,NSE:MOLOWVOL-EQ
DEBOCK INDUSTRIES LIMITED,NSE:DIL-EQ
BIRLASLAMC - ABSLFTTQDG,NSE:ABSLFTTQDG-MF
BIRLASLAMC - ABSLFTTQRG,NSE:ABSLFTTQRG-MF
BIRLASLAMC - ABSLFTTQRN,NSE:ABSLFTTQRN-MF
MUKTA ARTS LIMITED,NSE:MUKTAARTS-EQ
VRL LOGISTICS LIMITED,NSE:VRLLOG-EQ
SHAILY ENG PLASTICS LTD,NSE:SHAILY-EQ
PNB GILTS LIMITED,NSE:PNBGILTS-EQ
ASTRON PAPER BORD MIL LTD,NSE:ASTRON-EQ
HDFCAMC - H187646RG,NSE:H187646RG-MF
HDFCAMC - H1876D46DD,NSE:H1876D46DD-MF
HDFCAMC - H1876D46DG,NSE:H1876D46DG-MF
HDFCAMC - H1876D46DQ,NSE:H1876D46DQ-MF
HDFCAMC - H1876D46RD,NSE:H1876D46RD-MF
HDFCAMC - H1876D46RQ,NSE:H1876D46RQ-MF
ORISSA BENGAL CARRIER LTD,NSE:OBCL-EQ
SONAM LIMITED,NSE:SONAMLTD-EQ
DR. REDDY S LABORATORIES,NSE:DRREDDY-EQ
PRIVI SPECIALITY CHE LTD,NSE:PRIVISCL-EQ
AVRO INDIA LIMITED,NSE:AVROIND-EQ
GUJARAT AMBUJA EXPORTS LT,NSE:GAEL-EQ
BRIGHTCOM GROUP LIMITED,NSE:BCG-EQ
USHA MARTIN LTD.,NSE:USHAMART-EQ
UMA EXPORTS LIMITED,NSE:UMAEXPORTS-EQ
CHOICE INTERNATIONAL LTD,NSE:CHOICEIN-EQ
TATAAML - TNIDETF,NSE:TNIDETF-EQ
VERANDA LEARNING SOL LTD,NSE:VERANDA-EQ
E2E NETWORKS LIMITED,NSE:E2E-EQ
RITCO LOGISTICS LIMITED,NSE:RITCO-EQ
ELDECO HSG & IND LTD.,NSE:ELDEHSG-EQ
TATA TELESERV(MAHARASTRA),NSE:TTML-EQ
KHAITAN CHEM & FERT LTD,NSE:KHAICHEM-EQ
HARDWYN INDIA LIMITED,NSE:HARDWYN-EQ
HARIOM PIPE INDUSTRIES L,NSE:HARIOMPIPE-EQ
UMIYA BUILDCON LIMITED,NSE:UMIYA-MRO-EQ
THE ANUP ENGINEERING LTD,NSE:ANUP-EQ
VAXTEX COTFAB LIMITED,NSE:VCL-EQ
UFO MOVIEZ INDIA LTD.,NSE:UFO-EQ
ROTO PUMPS LIMITED,NSE:ROTO-EQ
PIX TRANSMISSIONS LIMITED,NSE:PIXTRANS-EQ
EICHER MOTORS LTD,NSE:EICHERMOT-EQ
ARVIND FASHIONS LIMITED,NSE:ARVINDFASN-EQ
INDO AMINES LIMITED,NSE:INDOAMIN-EQ
TIPS MUSIC LIMITED,NSE:TIPSMUSIC-EQ
EQUITAS SMALL FIN BNK LTD,NSE:EQUITASBNK-EQ
BALAJI TELEFILMS LIMITED.,NSE:BALAJITELE-EQ
EID PARRY INDIA LTD,NSE:EIDPARRY-EQ
UTIAMC - UTISXN50,NSE:UTISXN50-EQ
EIH LIMITED,NSE:EIHOTEL-EQ
TPL PLASTECH LIMITED,NSE:TPLPLASTEH-EQ
NILA INFRASTRUCTURES LTD,NSE:NILAINFRA-EQ
ORCHID PHARMA LIMITED,NSE:ORCHPHARMA-EQ
ARROW GREENTECH LIMITED,NSE:ARROWGREEN-EQ
ELECTROSTEEL CASTINGS LTD,NSE:ELECTCAST-EQ
KRITIKA WIRES LIMITED,NSE:KRITIKA-EQ
STARTECK FINANCE LIMITED,NSE:STARTECK-EQ
STERLITE TECHNOLOGIES LTD,NSE:STLTECH-EQ
INDIAN OVERSEAS BANK,NSE:IOB-EQ
TAJ GVK HOTELS & RESORTS,NSE:TAJGVK-EQ
MSTC LIMITED,NSE:MSTCLTD-EQ
D. P. ABHUSHAN LIMITED,NSE:DPABHUSHAN-EQ
CAMPUS ACTIVEWEAR LIMITED,NSE:CAMPUS-EQ
ELGI EQUIPMENTS LTD,NSE:ELGIEQUIP-EQ
TRUCAP FINANCE LIMITED,NSE:TRU-EQ
CREATIVE EYE LIMITED,NSE:CREATIVEYE-EQ
PNC INFRATECH LTD.,NSE:PNCINFRA-EQ
PROCTER & GAMBLE HEALTH L,NSE:PGHL-EQ
RAINBOW CHILDRENS MED LTD,NSE:RAINBOW-EQ
SILVER TOUCH TECHNO LTD,NSE:SILVERTUC-EQ
SKIPPER LIMITED,NSE:SKIPPER-EQ
LIFE INSURA CORP OF INDIA,NSE:LICI-EQ
SBIAMC - SFMP1DD,NSE:SFMP1DD-MF
SBIAMC - SFMP1DR,NSE:SFMP1DR-MF
SBIAMC - SFMP1GR,NSE:SFMP1GR-MF
SBIAMC - SFMP1GD,NSE:SFMP1GD-MF
SAKAR HEALTHCARE LIMITED,NSE:SAKAR-EQ
ESAB INDIA LTD,NSE:ESABINDIA-EQ
RAIL VIKAS NIGAM LIMITED,NSE:RVNL-EQ
PRUDENT CORP ADV SER LTD,NSE:PRUDENT-EQ
MAHESHWARI LOGISTICS LTD.,NSE:MAHESHWARI-EQ
ESCORTS KUBOTA LIMITED,NSE:ESCORTS-EQ
METROPOLIS HEALTHCARE LTD,NSE:METROPOLIS-EQ
POLYCAB INDIA LIMITED,NSE:POLYCAB-EQ
VENUS PIPES & TUBES LTD,NSE:VENUSPIPES-EQ
DELHIVERY LIMITED,NSE:DELHIVERY-EQ
SUPREME PETROCHEM LIMITED,NSE:SPLPETRO-EQ
KHANDWALA SECURITIES LTD,NSE:KHANDSE-EQ
RELIANCE CHEMOTEX IND LTD,NSE:RELCHEMQ-EQ
HIKAL LIMITED,NSE:HIKAL-EQ
SUBEX LTD,NSE:SUBEXLTD-EQ
SOUTH WEST PINNACLE LTD,NSE:SOUTHWEST-EQ
KPIT TECHNOLOGIES LIMITED,NSE:KPITTECH-EQ
TRIDENT LIMITED,NSE:TRIDENT-EQ
PARADEEP PHOSPHATES LTD,NSE:PARADEEP-EQ
ETHOS LIMITED,NSE:ETHOSLTD-EQ
EMUDHRA LIMITED,NSE:EMUDHRA-EQ
EPL LIMITED,NSE:EPL-EQ
AETHER INDUSTRIES LIMITED,NSE:AETHER-EQ
HAVELLS INDIA LIMITED,NSE:HAVELLS-EQ
NIP IND ETF ETF NV20,NSE:NV20BEES-EQ
NEXT MEDIAWORKS LIMITED,NSE:NEXTMEDIA-EQ
AION-TECH SOLUTIONS LTD,NSE:GOLDTECH-EQ
CHEVIOT COMPANY LIMITED,NSE:CHEVIOT-EQ
SMARTLINK HOLDINGS LTD,NSE:SMARTLINK-EQ
AIRAN LIMITED,NSE:AIRAN-EQ
AXITA COTTON LIMITED,NSE:AXITA-EQ
NEOGEN CHEMICALS LIMITED,NSE:NEOGEN-EQ
ALANKIT LIMITED,NSE:ALANKIT-EQ
EVEREST INDUSTRIES LTD,NSE:EVERESTIND-EQ
VIKAS LIFECARE LIMITED,NSE:VIKASLIFE-EQ
ONE POINT ONE SOL LTD,NSE:ONEPOINT-EQ
EUROTEX INDUSTRIES LTD,NSE:EUROTEXIND-EQ
NIFTY100-INDEX,NSE:NIFTY100-INDEX
NIFTY200-INDEX,NSE:NIFTY200-INDEX
NIFTY500-INDEX,NSE:NIFTY500-INDEX
NIFTYAUTO-INDEX,NSE:NIFTYAUTO-INDEX
NIFTYCOMMODITIES-INDEX,NSE:NIFTYCOMMODITIES-INDEX
NIFTYCONSUMPTION-INDEX,NSE:NIFTYCONSUMPTION-INDEX
NIFTYDIVOPPS50-INDEX,NSE:NIFTYDIVOPPS50-INDEX
NIFTYENERGY-INDEX,NSE:NIFTYENERGY-INDEX
NIFTYFMCG-INDEX,NSE:NIFTYFMCG-INDEX
NIFTYGROWSECT15-INDEX,NSE:NIFTYGROWSECT15-INDEX
NIFTYGS10YR-INDEX,NSE:NIFTYGS10YR-INDEX
NIFTYGS10YRCLN-INDEX,NSE:NIFTYGS10YRCLN-INDEX
NIFTYGS1115YR-INDEX,NSE:NIFTYGS1115YR-INDEX
NIFTYGS15YRPLUS-INDEX,NSE:NIFTYGS15YRPLUS-INDEX
NIFTYGS48YR-INDEX,NSE:NIFTYGS48YR-INDEX
NIFTYGS813YR-INDEX,NSE:NIFTYGS813YR-INDEX
NIFTYGSCOMPSITE-INDEX,NSE:NIFTYGSCOMPSITE-INDEX
NIFTYMEDIA-INDEX,NSE:NIFTYMEDIA-INDEX
NIFTYMETAL-INDEX,NSE:NIFTYMETAL-INDEX
NIFTYMIDLIQ15-INDEX,NSE:NIFTYMIDLIQ15-INDEX
NIFTYMIDCAP100-INDEX,NSE:NIFTYMIDCAP100-INDEX
NIFTYMNC-INDEX,NSE:NIFTYMNC-INDEX
NIFTYPHARMA-INDEX,NSE:NIFTYPHARMA-INDEX
NIFTYPSUBANK-INDEX,NSE:NIFTYPSUBANK-INDEX
NIFTYPVTBANK-INDEX,NSE:NIFTYPVTBANK-INDEX
NIFTYQUALITY30-INDEX,NSE:NIFTYQUALITY30-INDEX
NIFTYREALTY-INDEX,NSE:NIFTYREALTY-INDEX
NIFTYSERVSECTOR-INDEX,NSE:NIFTYSERVSECTOR-INDEX
NIFTYSMLCAP100-INDEX,NSE:NIFTYSMLCAP100-INDEX
NIFTY100LIQ15-INDEX,NSE:NIFTY100LIQ15-INDEX
NIFTY50DIVPOINT-INDEX,NSE:NIFTY50DIVPOINT-INDEX
NIFTY50PR1XINV-INDEX,NSE:NIFTY50PR1XINV-INDEX
NIFTY50PR2XLEV-INDEX,NSE:NIFTY50PR2XLEV-INDEX
NIFTY50TR1XINV-INDEX,NSE:NIFTY50TR1XINV-INDEX
NIFTY50TR2XLEV-INDEX,NSE:NIFTY50TR2XLEV-INDEX
NIFTY50VALUE 20-INDEX,NSE:NIFTY50VALUE20-INDEX
NIFTY ALPHA 50-INDEX,NSE:NIFTYALPHA50-INDEX
NIFTY100 EQL WGT-INDEX,NSE:NIFTY100 EQL WGT-INDEX
NIFTY100 LOWVOL30-INDEX,NSE:NIFTY100 LOWVOL30-INDEX
NIFTY50 EQL WGT-INDEX,NSE:NIFTY50 EQL WGT-INDEX
NIFTY200QUALTY30-INDEX,NSE:NIFTY200QUALTY30-INDEX
NIFTYMIDCAP150-INDEX,NSE:NIFTYMIDCAP150-INDEX
NIFTYSMLCAP50-INDEX,NSE:NIFTYSMLCAP50-INDEX
NIFTYSMLCAP250-INDEX,NSE:NIFTYSMLCAP250-INDEX
NIFTYMIDSML400-INDEX,NSE:NIFTYMIDSML400-INDEX
NIFTYFINSRV2550-INDEX,NSE:NIFTYFINSRV2550-INDEX
NIFTYALPHALOWVOL-INDEX,NSE:NIFTYALPHALOWVOL-INDEX
NIFTYINDIAMFG-INDEX,NSE:NIFTYINDIAMFG-INDEX
NIFTYM150QLTY50-INDEX,NSE:NIFTYM150QLTY50-INDEX
NIFTY100ESG-INDEX,NSE:NIFTY100ESG-INDEX
NIFTY100ESGSECLDR-INDEX,NSE:NIFTY100ESGSECLDR-INDEX
NIFTY200MOMENTM30-INDEX,NSE:NIFTY200MOMENTM30-INDEX
NIFTYHEALTHCARE-INDEX,NSE:NIFTYHEALTHCARE-INDEX
NIFTYCONSRDURBL-INDEX,NSE:NIFTYCONSRDURBL-INDEX
NIFTYOILANDGAS-INDEX,NSE:NIFTYOILANDGAS-INDEX
NIFTY500MULTICAP-INDEX,NSE:NIFTY500MULTICAP-INDEX
NIFTYLARGEMID250-INDEX,NSE:NIFTYLARGEMID250-INDEX
NIFTYTOTALMKT-INDEX,NSE:NIFTYTOTALMKT-INDEX
NIFTYMICROCAP250-INDEX,NSE:NIFTYMICROCAP250-INDEX
NIFTYINDDIGITAL-INDEX,NSE:NIFTYINDDIGITAL-INDEX
